"ID","year_","box","clutch","firstEgg","hatchDate","hatched","fledged","fledgeDate","lin","age","IDyear"
"B2V8645",2015,269,9,107,128,8,8,149,100,2,"B2V8645 2015"
"B2V8653",2015,87,9,107,128,9,7,149,100,2,"B2V8653 2015"
"B2V8789",2015,184,10,111,134,9,9,153,110,2,"B2V8789 2015"
"B2V8824",2015,252,8,106,126,8,7,146,87,2,"B2V8824 2015"
"B2V8973",2015,122,6,108,NA,5,1,NA,82,2,"B2V8973 2015"
"B2V8993",2015,28,10,109,129,9,9,152,109,2,"B2V8993 2015"
"B2X3944",2015,40,7,112,137,6,6,156,110,2,"B2X3944 2015"
"B2X4037",2015,71,10,107,128,10,9,148,103,2,"B2X4037 2015"
"B2X4622",2015,176,10,110,134,9,8,154,103,2,"B2X4622 2015"
"B2X4898",2015,142,8,108,134,8,8,153,100,2,"B2X4898 2015"
"B2X4920",2016,84,9,106,133,9,9,NA,96,2,"B2X4920 2016"
"B2X4920",2017,77,8,99,129,3,3,NA,87,2,"B2X4920 2017"
"B2X4920",2018,163,8,113,137,6,3,155,107,2,"B2X4920 2018"
"B2X4927",2015,178,9,107,129,8,8,150,100,2,"B2X4927 2015"
"B2X4953",2015,223,12,110,135,11,10,155,110,2,"B2X4953 2015"
"B2X4953",2016,223,6,109,135,6,5,155,103,2,"B2X4953 2016"
"B2X4953",2017,223,12,99,130,9,8,151,87,2,"B2X4953 2017"
"B2X4960",2015,28,10,109,129,9,9,152,109,2,"B2X4960 2015"
"B2X4962",2015,20,11,109,133,10,10,154,100,2,"B2X4962 2015"
"B2X4962",2016,50,9,107,130,9,8,151,103,2,"B2X4962 2016"
"B2X4962",2017,21,10,99,123,9,6,143,94,2,"B2X4962 2017"
"B2X4962",2018,19,9,109,129,9,8,148,102,2,"B2X4962 2018"
"B2X4991",2015,254,9,111,132,9,9,152,110,2,"B2X4991 2015"
"B2X4991",2016,237,8,112,140,7,7,160,103,2,"B2X4991 2016"
"B2X4991",2017,238,7,103,127,7,7,147,98,2,"B2X4991 2017"
"B2X5000",2015,277,8,109,134,8,8,153,96,2,"B2X5000 2015"
"B2X7042",2015,23,12,107,132,11,11,153,100,2,"B2X7042 2015"
"B2X7079",2015,130,9,110,132,9,8,152,110,2,"B2X7079 2015"
"B2X7085",2015,32,10,111,134,10,9,155,110,2,"B2X7085 2015"
"B2X7152",2015,254,9,111,132,9,9,152,110,2,"B2X7152 2015"
"B2X7152",2016,237,8,112,140,7,7,160,103,2,"B2X7152 2016"
"B2X7195",2015,182,12,108,132,11,9,153,100,2,"B2X7195 2015"
"B2X7304",2016,60,13,102,135,11,10,155,96,2,"B2X7304 2016"
"B2X7401",2015,230,7,109,128,6,5,149,96,2,"B2X7401 2015"
"B2X7401",2016,241,11,102,127,8,7,147,89,2,"B2X7401 2016"
"B2X7410",2015,100,8,107,129,7,7,149,103,2,"B2X7410 2015"
"B2X7410",2016,94,10,107,135,8,8,157,103,2,"B2X7410 2016"
"B2X7410",2017,94,9,100,129,3,2,149,80,2,"B2X7410 2017"
"B2X7411",2015,43,9,109,130,8,8,151,109,2,"B2X7411 2015"
"B2X7415",2015,181,9,110,132,9,9,152,96,2,"B2X7415 2015"
"B2X7542",2015,36,9,110,131,9,9,151,103,2,"B2X7542 2015"
"B2X7542",2016,65,9,107,135,5,5,155,89,2,"B2X7542 2016"
"B2X7542",2017,38,11,96,122,7,4,142,80,2,"B2X7542 2017"
"B2X7548",2015,225,10,109,130,10,10,152,100,2,"B2X7548 2015"
"B2X7548",2017,225,6,128,147,2,2,166,128,2,"B2X7548 2017"
"B2X7548",2018,225,9,111,132,9,6,150,107,2,"B2X7548 2018"
"B2X7568",2015,226,10,111,133,10,5,156,110,2,"B2X7568 2015"
"B2X7590",2015,252,8,106,126,8,7,146,87,2,"B2X7590 2015"
"B2X7616",2015,162,10,110,133,10,10,153,103,2,"B2X7616 2015"
"B2X7817",2015,31,12,108,133,12,10,153,96,2,"B2X7817 2015"
"B2X7817",2016,31,12,101,133,11,11,155,89,2,"B2X7817 2016"
"B2X7817",2017,31,13,94,122,13,4,141,80,2,"B2X7817 2017"
"B2X7826",2015,141,11,109,132,11,9,154,103,2,"B2X7826 2015"
"B2X7826",2016,136,11,102,129,11,8,152,96,2,"B2X7826 2016"
"B2X7830",2015,77,10,109,130,9,9,151,103,2,"B2X7830 2015"
"B2X7838",2016,160,12,102,130,6,6,153,89,2,"B2X7838 2016"
"B2X7843",2015,205,11,115,137,11,10,157,110,2,"B2X7843 2015"
"B2X7843",2018,182,10,111,131,10,9,151,107,2,"B2X7843 2018"
"B2X7887",2015,100,8,107,129,7,7,149,103,2,"B2X7887 2015"
"B2X7900",2015,153,8,129,147,8,6,166,129,2,"B2X7900 2015"
"B2X7900",2016,154,11,107,135,11,9,157,96,2,"B2X7900 2016"
"B2X7900",2018,178,10,109,128,10,9,148,107,2,"B2X7900 2018"
"B3Y5504",2015,191,10,107,130,10,10,151,103,2,"B3Y5504 2015"
"B3Y5504",2016,166,10,102,130,9,8,150,96,2,"B3Y5504 2016"
"B3Y5513",2015,223,12,110,135,11,10,155,110,2,"B3Y5513 2015"
"B3Y5608",2015,257,5,109,131,2,2,151,96,2,"B3Y5608 2015"
"B3Y5639",2015,12,10,109,130,8,8,152,103,2,"B3Y5639 2015"
"B3Y5639",2016,14,9,106,130,2,2,149,103,2,"B3Y5639 2016"
"B3Y5639",2017,14,10,98,120,6,6,141,94,2,"B3Y5639 2017"
"B3Y5639",2018,11,10,107,128,5,5,147,107,2,"B3Y5639 2018"
"B3Y5640",2015,220,10,107,128,10,10,NA,100,2,"B3Y5640 2015"
"B3Y5645",2015,242,12,111,137,8,8,158,100,2,"B3Y5645 2015"
"B3Y5647",2015,130,9,110,132,9,8,152,110,2,"B3Y5647 2015"
"B3Y5648",2015,126,11,109,130,10,9,152,103,2,"B3Y5648 2015"
"B3Y5648",2016,241,11,102,127,8,7,147,89,2,"B3Y5648 2016"
"B3Y5649",2015,110,12,108,132,12,12,152,103,2,"B3Y5649 2015"
"B3Y5662",2015,175,10,110,134,9,9,155,110,1,"B3Y5662 2015"
"B3Y5665",2015,196,10,112,134,3,3,154,82,1,"B3Y5665 2015"
"B3Y5666",2015,255,10,108,130,10,9,149,96,1,"B3Y5666 2015"
"B3Y5666",2016,255,9,133,153,9,8,173,96,2,"B3Y5666 2016"
"B3Y5666",2017,237,6,104,126,6,6,147,87,2,"B3Y5666 2017"
"B3Y5668",2015,103,10,110,134,4,4,154,103,1,"B3Y5668 2015"
"B3Y5673",2015,277,8,109,134,8,8,153,96,1,"B3Y5673 2015"
"B3Y5683",2015,236,10,106,128,10,10,149,82,1,"B3Y5683 2015"
"B3Y5686",2015,182,12,108,132,11,9,153,100,1,"B3Y5686 2015"
"B3Y5689",2015,62,10,111,135,10,10,156,110,1,"B3Y5689 2015"
"B3Y5689",2017,9,13,92,114,11,1,136,80,2,"B3Y5689 2017"
"B3Y5697",2015,199,11,112,136,8,7,156,110,1,"B3Y5697 2015"
"B3Y5719",2015,116,10,108,131,10,10,152,103,2,"B3Y5719 2015"
"B3Y5719",2016,55,10,103,130,7,7,150,103,2,"B3Y5719 2016"
"B3Y5719",2017,85,11,96,120,10,4,141,87,2,"B3Y5719 2017"
"B3Y5719",2018,80,11,107,131,9,9,150,100,2,"B3Y5719 2018"
"B3Y5720",2015,22,10,108,130,10,10,151,103,2,"B3Y5720 2015"
"B3Y5725",2015,45,11,108,131,10,10,151,103,2,"B3Y5725 2015"
"B3Y5725",2016,44,12,104,133,12,10,154,103,2,"B3Y5725 2016"
"B3Y5725",2017,44,12,96,122,10,5,142,87,2,"B3Y5725 2017"
"B3Y5730",2015,20,11,109,133,10,10,154,100,2,"B3Y5730 2015"
"B3Y5749",2015,126,11,109,130,10,9,152,103,2,"B3Y5749 2015"
"B3Y5756",2015,263,10,107,128,10,10,148,100,2,"B3Y5756 2015"
"B3Y5756",2016,249,10,102,129,9,9,150,96,2,"B3Y5756 2016"
"B3Y5762",2015,141,11,109,132,11,9,154,103,2,"B3Y5762 2015"
"B3Y5763",2015,64,10,109,131,8,8,151,100,2,"B3Y5763 2015"
"B3Y5763",2016,33,11,110,138,10,9,158,96,2,"B3Y5763 2016"
"B3Y5763",2017,67,10,99,124,10,5,144,87,2,"B3Y5763 2017"
"B3Y5763",2018,99,11,109,129,9,9,149,107,2,"B3Y5763 2018"
"B3Y5774",2015,256,9,108,128,9,9,149,100,1,"B3Y5774 2015"
"B3Y5774",2016,256,10,105,130,10,9,153,96,2,"B3Y5774 2016"
"B3Y5776",2015,227,10,111,133,10,10,154,110,1,"B3Y5776 2015"
"B3Y5776",2016,227,9,111,136,8,8,157,103,2,"B3Y5776 2016"
"B3Y5776",2017,226,10,102,130,10,10,149,94,2,"B3Y5776 2017"
"B3Y5781",2016,173,11,102,132,10,9,154,89,2,"B3Y5781 2016"
"B3Y5781",2017,158,9,102,128,4,4,147,94,2,"B3Y5781 2017"
"B3Y5782",2017,177,7,120,139,5,5,159,120,2,"B3Y5782 2017"
"B3Y5783",2015,222,7,111,133,7,7,154,103,1,"B3Y5783 2015"
"B3Y5783",2016,228,9,105,130,5,5,151,96,2,"B3Y5783 2016"
"B3Y5783",2017,242,12,95,123,11,7,146,94,2,"B3Y5783 2017"
"B3Y5783",2018,228,12,107,129,12,11,148,107,2,"B3Y5783 2018"
"B3Y5787",2015,194,12,106,129,12,4,152,99,1,"B3Y5787 2015"
"B3Y5787",2016,185,12,105,134,7,7,155,103,2,"B3Y5787 2016"
"B3Y5787",2017,193,10,125,145,9,9,164,126,2,"B3Y5787 2017"
"B3Y5787",2018,183,11,110,130,10,10,148,107,2,"B3Y5787 2018"
"B3Y5789",2015,167,10,109,130,10,9,150,100,1,"B3Y5789 2015"
"B3Y5793",2015,112,9,117,137,9,9,156,113,2,"B3Y5793 2015"
"B3Y5795",2015,108,11,107,131,10,10,152,103,2,"B3Y5795 2015"
"B3Y5797",2015,22,10,108,130,10,10,151,103,2,"B3Y5797 2015"
"B3Y5797",2016,50,9,107,130,9,8,151,103,2,"B3Y5797 2016"
"B3Y5798",2015,78,10,108,129,10,10,150,100,2,"B3Y5798 2015"
"B3Y5802",2015,235,8,110,129,8,8,149,96,2,"B3Y5802 2015"
"B3Y5802",2016,214,8,109,131,8,8,152,96,2,"B3Y5802 2016"
"B3Y5802",2017,190,7,105,128,4,4,NA,101,2,"B3Y5802 2017"
"B3Y5931",2015,43,9,109,130,8,8,151,109,2,"B3Y5931 2015"
"B3Y6016",2015,101,13,113,139,12,10,158,110,2,"B3Y6016 2015"
"B3Y6090",2015,255,10,108,130,10,9,149,96,2,"B3Y6090 2015"
"B3Y6090",2016,236,7,110,135,5,4,156,83,2,"B3Y6090 2016"
"B3Y6090",2017,236,6,106,135,4,4,154,94,2,"B3Y6090 2017"
"B3Y6517",2015,242,12,111,137,8,8,158,100,2,"B3Y6517 2015"
"B3Y6556",2015,205,11,115,137,11,10,157,110,2,"B3Y6556 2015"
"B3Y6560",2015,14,11,107,131,11,11,152,100,2,"B3Y6560 2015"
"B3Y6740",2015,47,11,108,130,11,8,153,103,2,"B3Y6740 2015"
"B3Y6740",2016,46,12,105,134,9,9,155,96,2,"B3Y6740 2016"
"B3Y6742",2015,47,11,108,130,11,8,153,103,2,"B3Y6742 2015"
"B3Y6789",2015,103,10,110,134,4,4,154,103,2,"B3Y6789 2015"
"B3Y6789",2016,121,10,108,135,10,9,156,96,2,"B3Y6789 2016"
"B3Y6789",2017,129,8,100,127,4,4,146,80,2,"B3Y6789 2017"
"B3Y6816",2015,7,11,107,128,10,9,150,103,2,"B3Y6816 2015"
"B3Y6864",2015,12,10,109,130,8,8,152,103,2,"B3Y6864 2015"
"B3Y6864",2016,14,9,106,130,2,2,149,103,2,"B3Y6864 2016"
"B3Y6864",2017,14,10,98,120,6,6,141,94,2,"B3Y6864 2017"
"B3Y6914",2015,161,9,108,129,9,9,150,96,2,"B3Y6914 2015"
"B3Y6963",2015,120,9,113,137,9,9,158,87,2,"B3Y6963 2015"
"B3Y6965",2015,272,10,109,130,9,9,151,100,2,"B3Y6965 2015"
"B4E9006",2015,257,5,109,131,2,2,151,96,2,"B4E9006 2015"
"B4E9103",2015,18,11,109,132,10,10,152,103,2,"B4E9103 2015"
"B4E9152",2015,236,10,106,128,10,10,149,82,2,"B4E9152 2015"
"B4E9205",2015,176,10,110,134,9,8,154,103,1,"B4E9205 2015"
"B4E9211",2015,230,7,109,128,6,5,149,96,1,"B4E9211 2015"
"B4E9213",2015,149,8,113,135,8,8,155,103,1,"B4E9213 2015"
"B4E9216",2015,6,11,110,134,11,11,153,110,2,"B4E9216 2015"
"B4E9220",2015,101,13,113,139,12,10,158,110,1,"B4E9220 2015"
"B4E9220",2016,122,9,107,133,9,9,155,89,2,"B4E9220 2016"
"B4E9220",2017,101,10,97,125,9,5,147,94,2,"B4E9220 2017"
"B4E9220",2018,103,9,111,131,8,8,150,111,2,"B4E9220 2018"
"B4E9220",2019,102,12,106,131,5,2,152,106,2,"B4E9220 2019"
"B4E9220",2020,92,9,107,127,7,7,NA,105,2,"B4E9220 2020"
"B4E9222",2015,125,8,109,132,8,8,152,103,1,"B4E9222 2015"
"B4E9225",2015,35,6,116,136,6,6,156,113,1,"B4E9225 2015"
"B4E9227",2015,120,9,113,137,9,9,158,87,1,"B4E9227 2015"
"B4E9231",2015,201,10,111,133,10,10,153,100,1,"B4E9231 2015"
"B4E9233",2015,201,10,111,133,10,10,153,100,1,"B4E9233 2015"
"B4E9233",2016,154,11,107,135,11,9,157,96,2,"B4E9233 2016"
"B4E9237",2015,192,7,129,146,7,6,166,129,1,"B4E9237 2015"
"B4E9237",2016,185,12,105,134,7,7,155,103,2,"B4E9237 2016"
"B4E9245",2016,223,6,109,135,6,5,155,103,2,"B4E9245 2016"
"B4E9252",2015,199,11,112,136,8,7,156,110,1,"B4E9252 2015"
"B4E9258",2015,150,8,113,135,7,7,NA,96,1,"B4E9258 2015"
"B4E9258",2018,123,9,110,129,8,8,150,107,2,"B4E9258 2018"
"B4E9258",2019,124,9,108,130,8,5,150,78,2,"B4E9258 2019"
"B4E9259",2015,10,7,111,131,6,6,151,110,1,"B4E9259 2015"
"B4E9259",2017,11,10,98,127,9,9,147,87,2,"B4E9259 2017"
"B4E9260",2015,85,6,111,131,6,6,152,110,1,"B4E9260 2015"
"B4E9261",2015,10,7,111,131,6,6,151,110,1,"B4E9261 2015"
"B4E9267",2015,251,9,107,128,9,9,150,96,1,"B4E9267 2015"
"B4E9267",2016,239,11,100,127,11,6,148,89,2,"B4E9267 2016"
"B4E9267",2017,258,7,106,130,5,5,149,101,2,"B4E9267 2017"
"B4E9272",2015,153,8,129,147,8,6,166,129,1,"B4E9272 2015"
"B4E9273",2015,181,9,110,132,9,9,152,96,1,"B4E9273 2015"
"B4E9273",2016,174,9,108,134,9,9,156,103,2,"B4E9273 2016"
"B4E9273",2017,198,11,97,124,9,6,144,87,2,"B4E9273 2017"
"B4E9273",2018,198,11,106,128,10,10,147,100,2,"B4E9273 2018"
"B4E9277",2016,120,8,112,139,6,4,158,96,2,"B4E9277 2016"
"B4E9277",2017,143,8,104,131,8,8,150,100,2,"B4E9277 2017"
"B4E9280",2015,150,8,113,135,7,7,NA,96,1,"B4E9280 2015"
"B4E9281",2016,157,9,110,137,9,9,157,103,2,"B4E9281 2016"
"B4E9281",2017,180,10,100,127,9,5,147,80,2,"B4E9281 2017"
"B4E9303",2015,178,9,107,129,8,8,150,100,2,"B4E9303 2015"
"B4E9306",2015,21,10,110,132,7,7,153,110,2,"B4E9306 2015"
"B4E9421",2015,23,12,107,132,11,11,153,100,2,"B4E9421 2015"
"B4E9421",2016,23,13,107,137,11,11,158,89,2,"B4E9421 2016"
"B4E9428",2015,200,12,110,133,11,10,154,96,1,"B4E9428 2015"
"B4E9428",2016,203,12,108,135,12,12,156,89,2,"B4E9428 2016"
"B4E9428",2017,223,12,99,130,9,8,151,87,2,"B4E9428 2017"
"B4E9433",2015,142,8,108,134,8,8,153,100,1,"B4E9433 2015"
"B4E9435",2015,14,11,107,131,11,11,152,100,1,"B4E9435 2015"
"B4E9435",2016,49,12,100,130,12,12,152,83,2,"B4E9435 2016"
"B4E9435",2017,54,8,130,149,8,8,167,80,2,"B4E9435 2017"
"B4E9443",2015,6,11,110,134,11,11,153,110,1,"B4E9443 2015"
"B4E9467",2015,67,11,111,135,11,11,156,110,1,"B4E9467 2015"
"B4E9469",2015,67,11,111,135,11,11,156,110,1,"B4E9469 2015"
"B4E9471",2015,269,9,107,128,8,8,149,100,1,"B4E9471 2015"
"B4E9471",2016,269,10,107,134,9,9,155,96,2,"B4E9471 2016"
"B4E9478",2015,271,10,109,131,9,9,151,100,1,"B4E9478 2015"
"B4E9478",2016,253,10,106,133,10,9,154,96,2,"B4E9478 2016"
"B4H0010",2018,213,9,109,129,9,9,149,107,2,"B4H0010 2018"
"B4H0021",2017,218,7,133,151,7,6,171,101,1,"B4H0021 2017"
"B4H0051",2017,30,11,97,125,10,4,146,94,2,"B4H0051 2017"
"B4H0051",2018,73,12,108,131,11,11,151,100,2,"B4H0051 2018"
"B4H0051",2019,73,12,102,128,12,8,148,92,2,"B4H0051 2019"
"B4H0051",2020,75,11,108,130,6,6,NA,105,2,"B4H0051 2020"
"B4H0061",2017,61,5,135,151,5,4,169,87,2,"B4H0061 2017"
"B4H0064",2017,259,10,100,129,10,7,150,80,1,"B4H0064 2017"
"B4H0064",2018,270,7,109,130,7,7,148,100,2,"B4H0064 2018"
"B4H0064",2019,259,7,112,131,7,4,150,99,2,"B4H0064 2019"
"B4H0064",2020,259,8,106,125,7,7,143,105,2,"B4H0064 2020"
"B4H0066",2017,100,9,96,122,9,5,143,80,1,"B4H0066 2017"
"B4H0073",2017,55,11,99,122,9,3,142,80,1,"B4H0073 2017"
"B4H0074",2017,167,9,98,127,9,6,148,87,1,"B4H0074 2017"
"B4H0074",2018,188,9,111,131,9,9,151,107,2,"B4H0074 2018"
"B4H0074",2019,167,8,112,132,8,6,152,99,2,"B4H0074 2019"
"B4H0075",2017,137,11,96,124,10,4,NA,87,1,"B4H0075 2017"
"B4H0075",2018,113,11,106,128,11,11,148,100,2,"B4H0075 2018"
"B4H0078",2020,134,10,104,125,10,5,143,84,2,"B4H0078 2020"
"B4H0079",2017,95,11,94,120,9,3,142,66,1,"B4H0079 2017"
"B4H0084",2017,127,7,127,146,6,6,164,127,1,"B4H0084 2017"
"B4H0095",2017,130,5,104,134,5,5,152,80,1,"B4H0095 2017"
"B4H0095",2018,130,10,112,133,10,9,152,107,2,"B4H0095 2018"
"B4H0096",2018,39,10,107,128,10,10,148,100,2,"B4H0096 2018"
"B4H0096",2019,31,12,108,133,11,7,154,99,2,"B4H0096 2019"
"B4H0097",2017,50,12,96,124,7,5,146,80,2,"B4H0097 2017"
"B4H0100",2017,241,7,96,125,6,6,144,80,1,"B4H0100 2017"
"B4H0101",2016,66,8,108,138,7,7,159,103,2,"B4H0101 2016"
"B4H0105",2017,104,8,100,125,8,6,146,94,2,"B4H0105 2017"
"B4H0107",2016,162,9,106,132,9,7,153,96,1,"B4H0107 2016"
"B4H0107",2017,142,10,99,124,10,4,144,94,2,"B4H0107 2017"
"B4H0117",2016,238,11,107,133,11,9,155,89,1,"B4H0117 2016"
"B4H0119",2016,224,12,107,134,12,10,155,96,1,"B4H0119 2016"
"B4H0122",2016,219,10,104,130,9,9,152,96,1,"B4H0122 2016"
"B4H0125",2016,99,7,124,142,7,7,164,110,1,"B4H0125 2016"
"B4H0126",2016,201,6,114,139,2,2,160,114,1,"B4H0126 2016"
"B4H0127",2016,59,11,105,132,9,8,152,103,1,"B4H0127 2016"
"B4H0130",2016,156,10,112,137,8,8,158,110,1,"B4H0130 2016"
"B4H0130",2017,180,10,100,127,9,5,147,80,2,"B4H0130 2017"
"B4H0132",2016,81,13,108,136,13,13,158,103,1,"B4H0132 2016"
"B4H0132",2017,81,13,96,123,13,7,145,87,2,"B4H0132 2017"
"B4H0136",2017,201,8,98,123,6,3,142,94,2,"B4H0136 2017"
"B4H0136",2018,201,9,111,131,9,9,150,110,2,"B4H0136 2018"
"B4H0137",2016,247,10,106,135,10,9,156,103,1,"B4H0137 2016"
"B4H0137",2017,244,11,99,129,10,9,149,87,2,"B4H0137 2017"
"B4H0140",2016,144,9,108,132,8,8,155,96,1,"B4H0140 2016"
"B4H0140",2017,134,10,97,121,10,6,144,87,2,"B4H0140 2017"
"B4H0145",2016,59,11,105,132,9,8,152,103,1,"B4H0145 2016"
"B4H0147",2019,12,8,97,122,7,2,142,85,2,"B4H0147 2019"
"B4H0148",2016,35,7,113,135,7,7,155,96,1,"B4H0148 2016"
"B4H0150",2016,98,8,107,136,8,5,156,96,1,"B4H0150 2016"
"B4H0150",2017,98,6,126,145,6,6,NA,87,2,"B4H0150 2017"
"B4H0150",2018,96,5,108,131,5,5,150,107,2,"B4H0150 2018"
"B4H0150",2019,125,9,99,124,8,5,143,85,2,"B4H0150 2019"
"B4H0150",2020,96,7,105,126,7,7,NA,84,2,"B4H0150 2020"
"B4H0151",2016,89,9,122,142,8,5,NA,119,1,"B4H0151 2016"
"B4H0154",2016,244,8,111,136,8,8,157,110,1,"B4H0154 2016"
"B4H0154",2020,247,10,105,126,10,10,NA,105,2,"B4H0154 2020"
"B4H0158",2016,184,11,107,135,11,10,156,96,1,"B4H0158 2016"
"B4H0158",2018,183,11,110,130,10,10,148,107,2,"B4H0158 2018"
"B4H0158",2019,172,8,106,127,7,4,147,85,2,"B4H0158 2019"
"B4H0164",2016,108,11,106,132,10,7,155,103,1,"B4H0164 2016"
"B4H0164",2017,114,10,104,133,10,10,154,94,2,"B4H0164 2017"
"B4H0165",2016,54,8,120,140,7,7,160,117,1,"B4H0165 2016"
"B4H0165",2017,21,10,99,123,9,6,143,94,2,"B4H0165 2017"
"B4H0165",2018,51,8,112,131,6,6,151,107,2,"B4H0165 2018"
"B4H0176",2019,129,12,111,140,7,5,NA,99,2,"B4H0176 2019"
"B4H0182",2016,155,10,110,138,6,5,158,103,1,"B4H0182 2016"
"B4H0182",2017,239,9,104,129,6,6,148,104,2,"B4H0182 2017"
"B4H0183",2018,55,9,109,131,8,8,150,107,2,"B4H0183 2018"
"B4H0184",2017,34,11,98,127,11,5,147,94,2,"B4H0184 2017"
"B4H0188",2016,264,9,108,135,6,6,155,96,1,"B4H0188 2016"
"B4H0194",2016,75,9,109,134,9,8,155,96,1,"B4H0194 2016"
"B4H0195",2016,82,11,109,133,9,7,154,103,2,"B4H0195 2016"
"B4H0196",2017,140,10,102,129,10,10,148,100,2,"B4H0196 2017"
"B4H0199",2017,52,12,100,128,10,8,NA,87,2,"B4H0199 2017"
"B4H0199",2018,51,8,112,131,6,6,151,107,2,"B4H0199 2018"
"B4H0223",2016,156,10,112,137,8,8,158,110,1,"B4H0223 2016"
"B4H0223",2017,174,11,103,131,9,8,150,94,2,"B4H0223 2017"
"B4H0223",2018,199,10,110,130,10,10,150,107,2,"B4H0223 2018"
"B4H0223",2019,179,8,107,130,8,5,151,78,2,"B4H0223 2019"
"B4H0223",2020,179,9,106,128,9,8,NA,91,2,"B4H0223 2020"
"B4H0226",2017,89,9,95,116,9,3,140,80,2,"B4H0226 2017"
"B4H0226",2018,76,9,111,134,4,4,153,107,2,"B4H0226 2018"
"B4H0226",2019,88,11,101,130,7,4,149,92,2,"B4H0226 2019"
"B4H0229",2018,21,10,108,129,10,10,149,100,2,"B4H0229 2018"
"B4H0229",2019,21,8,101,123,8,6,143,85,2,"B4H0229 2019"
"B4H0230",2016,46,12,105,134,9,9,155,96,1,"B4H0230 2016"
"B4H0230",2017,24,13,96,125,12,10,146,80,2,"B4H0230 2017"
"B4H0230",2018,24,11,107,130,10,9,149,100,2,"B4H0230 2018"
"B4H0230",2019,24,12,102,128,12,3,148,85,2,"B4H0230 2019"
"B4H0233",2016,108,11,106,132,10,7,155,103,1,"B4H0233 2016"
"B4H0234",2018,18,8,109,128,7,7,148,102,2,"B4H0234 2018"
"B4H0249",2017,10,12,96,121,12,8,142,87,2,"B4H0249 2017"
"B4H0258",2016,184,11,107,135,11,10,156,96,1,"B4H0258 2016"
"B4H0298",2016,100,9,112,143,8,8,NA,89,1,"B4H0298 2016"
"B4H0298",2017,95,11,94,120,9,3,142,66,2,"B4H0298 2017"
"B4H0314",2016,94,10,107,135,8,8,157,103,2,"B4H0314 2016"
"B4H0314",2017,101,10,97,125,9,5,147,94,2,"B4H0314 2017"
"B4H0364",2018,75,7,116,134,7,7,153,114,2,"B4H0364 2018"
"B4H0364",2019,90,9,104,125,9,6,146,99,2,"B4H0364 2019"
"B4H0364",2020,90,11,131,149,7,5,NA,131,2,"B4H0364 2020"
"B4H0365",2017,181,11,96,123,7,6,142,87,1,"B4H0365 2017"
"B4H0370",2017,253,10,99,126,4,4,145,80,1,"B4H0370 2017"
"B4H0373",2017,182,11,99,128,11,9,149,80,1,"B4H0373 2017"
"B4H0376",2017,111,10,102,126,10,8,145,94,1,"B4H0376 2017"
"B4H0377",2017,153,8,136,154,8,7,173,74,1,"B4H0377 2017"
"B4H0377",2018,6,12,108,129,11,10,150,86,2,"B4H0377 2018"
"B4H0379",2017,36,10,97,120,10,5,142,80,1,"B4H0379 2017"
"B4H0379",2018,68,10,109,129,10,10,149,107,2,"B4H0379 2018"
"B4H0379",2019,67,10,101,124,8,6,144,85,2,"B4H0379 2019"
"B4H0379",2020,36,9,106,125,9,7,143,98,2,"B4H0379 2020"
"B4H0380",2017,259,10,100,129,10,7,150,80,1,"B4H0380 2017"
"B4H0380",2018,253,12,107,130,12,11,149,93,2,"B4H0380 2018"
"B4H0380",2019,253,11,102,130,7,5,151,78,2,"B4H0380 2019"
"B4H0380",2020,262,9,105,128,9,9,148,84,2,"B4H0380 2020"
"B4H0382",2017,154,9,100,125,1,1,146,80,1,"B4H0382 2017"
"B4H0384",2017,185,6,128,146,2,2,164,122,1,"B4H0384 2017"
"B4H0384",2018,144,10,107,127,10,10,147,107,2,"B4H0384 2018"
"B4H0384",2019,184,9,110,132,9,7,151,99,2,"B4H0384 2019"
"B4H0389",2017,76,8,106,129,8,8,149,94,1,"B4H0389 2017"
"B4H0389",2018,77,9,110,131,9,8,151,100,2,"B4H0389 2018"
"B4H0389",2019,108,10,105,129,10,3,149,85,2,"B4H0389 2019"
"B4H0389",2020,88,9,109,130,9,9,NA,98,2,"B4H0389 2020"
"B4H0391",2017,185,6,128,146,2,2,164,122,1,"B4H0391 2017"
"B4H0391",2018,193,8,112,131,8,7,150,107,2,"B4H0391 2018"
"B4H0391",2019,194,7,109,129,6,4,148,85,2,"B4H0391 2019"
"B4H0391",2020,194,11,103,125,11,11,143,77,2,"B4H0391 2020"
"B4H0394",2017,251,9,99,128,7,7,148,80,2,"B4H0394 2017"
"B4H0402",2016,161,7,109,136,4,4,155,103,1,"B4H0402 2016"
"B4H0402",2017,162,11,96,124,10,6,144,87,2,"B4H0402 2017"
"B4H0402",2018,162,8,107,129,8,8,147,107,2,"B4H0402 2018"
"B4H0408",2016,261,10,107,134,4,4,153,96,1,"B4H0408 2016"
"B4H0420",2016,131,7,110,134,7,7,154,96,1,"B4H0420 2016"
"B4H0436",2016,174,9,108,134,9,9,156,103,2,"B4H0436 2016"
"B4H0450",2016,211,11,102,129,10,6,152,83,1,"B4H0450 2016"
"B4H0450",2017,212,7,127,145,7,7,164,101,2,"B4H0450 2017"
"B4H0453",2016,28,9,103,130,5,5,151,96,1,"B4H0453 2016"
"B4H0453",2017,29,10,94,120,8,3,141,80,2,"B4H0453 2017"
"B4H0453",2019,28,12,103,127,12,8,149,85,2,"B4H0453 2019"
"B4H0471",2016,30,9,104,131,9,8,153,96,1,"B4H0471 2016"
"B4H0471",2017,7,10,95,122,10,4,144,80,2,"B4H0471 2017"
"B4H0471",2018,7,10,106,127,10,10,147,100,2,"B4H0471 2018"
"B4H0471",2019,7,10,100,125,10,6,146,78,2,"B4H0471 2019"
"B4H0486",2017,261,8,103,132,5,3,151,87,1,"B4H0486 2017"
"B4H0493",2017,253,10,99,126,4,4,145,80,1,"B4H0493 2017"
"B4H0498",2017,169,10,97,124,7,6,145,94,1,"B4H0498 2017"
"B4H0502",2017,57,6,115,134,6,5,153,80,1,"B4H0502 2017"
"B4H0502",2018,46,11,108,129,11,10,149,100,2,"B4H0502 2018"
"B4H0505",2017,267,6,105,133,5,5,152,101,1,"B4H0505 2017"
"B4H0505",2018,269,10,107,128,9,9,149,100,2,"B4H0505 2018"
"B4H0514",2017,249,7,129,149,6,6,167,87,1,"B4H0514 2017"
"B4H0514",2018,261,11,109,130,9,9,149,100,2,"B4H0514 2018"
"B4H0514",2019,261,11,104,128,9,5,149,85,2,"B4H0514 2019"
"B4H0518",2017,244,11,99,129,10,9,149,87,1,"B4H0518 2017"
"B4H0518",2018,226,12,108,130,11,10,150,107,2,"B4H0518 2018"
"B4H0518",2019,226,10,102,128,9,5,148,99,2,"B4H0518 2019"
"B4H0518",2020,226,10,103,123,10,10,143,91,2,"B4H0518 2020"
"B4H0534",2017,252,12,97,130,12,8,150,80,1,"B4H0534 2017"
"B4H0534",2018,251,9,110,130,9,9,150,107,2,"B4H0534 2018"
"B4H0534",2019,251,10,102,126,7,5,145,85,2,"B4H0534 2019"
"B4H0534",2020,252,11,104,126,11,10,NA,84,2,"B4H0534 2020"
"B4H0570",2018,144,10,107,127,10,10,147,107,2,"B4H0570 2018"
"B4H0570",2019,145,9,104,128,9,6,148,92,2,"B4H0570 2019"
"B4H0587",2017,104,8,100,125,8,6,146,94,1,"B4H0587 2017"
"B4H0587",2018,119,10,111,131,8,7,151,107,2,"B4H0587 2018"
"B4H0588",2017,140,10,102,129,10,10,148,100,1,"B4H0588 2017"
"B4H0588",2018,141,11,106,128,11,11,147,106,2,"B4H0588 2018"
"B4H0593",2017,213,7,124,142,6,6,162,80,1,"B4H0593 2017"
"B4H0597",2018,196,12,106,129,12,12,148,100,2,"B4H0597 2018"
"B4H0599",2018,157,10,108,128,10,10,147,79,2,"B4H0599 2018"
"B4H0606",2017,260,9,104,134,9,8,154,87,2,"B4H0606 2017"
"B4H0611",2016,244,8,111,136,8,8,157,110,1,"B4H0611 2016"
"B4H0611",2017,266,10,98,126,7,5,145,87,2,"B4H0611 2017"
"B4H0648",2016,81,13,108,136,13,13,158,103,1,"B4H0648 2016"
"B4H0674",2016,166,10,102,130,9,8,150,96,1,"B4H0674 2016"
"B4H0706",2016,155,10,110,138,6,5,158,103,1,"B4H0706 2016"
"B4H0706",2017,176,11,103,130,8,8,149,101,2,"B4H0706 2017"
"B4H0784",2016,98,8,107,136,8,5,156,96,1,"B4H0784 2016"
"B4H0784",2017,125,10,98,128,9,5,147,87,2,"B4H0784 2017"
"B4H0784",2018,99,11,109,129,9,9,149,107,2,"B4H0784 2018"
"B4H0784",2019,95,6,111,130,6,4,150,85,2,"B4H0784 2019"
"B4H0790",2016,193,8,116,136,8,8,158,116,1,"B4H0790 2016"
"B4H0790",2017,193,10,125,145,9,9,164,126,2,"B4H0790 2017"
"B4H0802",2016,10,10,107,136,6,6,156,96,1,"B4H0802 2016"
"B4H0805",2017,64,10,97,130,9,8,NA,94,2,"B4H0805 2017"
"B4H0816",2016,264,9,108,135,6,6,155,96,1,"B4H0816 2016"
"B4H0853",2017,110,12,96,122,10,7,142,87,2,"B4H0853 2017"
"B4H0857",2017,262,6,136,153,6,6,171,80,2,"B4H0857 2017"
"B4H0857",2018,269,10,107,128,9,9,149,100,2,"B4H0857 2018"
"B4H0857",2019,268,10,101,126,5,3,145,78,2,"B4H0857 2019"
"B4H0857",2020,268,7,103,125,5,5,143,84,2,"B4H0857 2020"
"B4H0866",2016,267,10,109,135,9,8,157,89,1,"B4H0866 2016"
"B4H0867",2016,240,6,111,134,5,5,153,110,1,"B4H0867 2016"
"B4H0867",2018,252,9,107,128,9,9,148,73,2,"B4H0867 2018"
"B4H0867",2019,252,8,110,130,8,6,151,85,2,"B4H0867 2019"
"B4H0880",2016,233,11,108,133,11,9,154,96,1,"B4H0880 2016"
"B4H0899",2016,136,11,102,129,11,8,152,96,1,"B4H0899 2016"
"B4H0899",2017,137,11,96,124,10,4,NA,87,2,"B4H0899 2017"
"B4H0899",2018,141,11,106,128,11,11,147,106,2,"B4H0899 2018"
"B4H0925",2016,272,11,107,134,11,10,156,96,1,"B4H0925 2016"
"B4H0929",2019,4,8,114,138,8,6,157,85,2,"B4H0929 2019"
"B4H0937",2016,133,9,108,132,9,9,154,103,1,"B4H0937 2016"
"B4H0937",2017,133,11,97,123,11,4,144,80,2,"B4H0937 2017"
"B4H0937",2018,134,11,107,129,10,10,149,93,2,"B4H0937 2018"
"B4H0937",2020,134,10,104,125,10,5,143,84,2,"B4H0937 2020"
"B4H0938",2016,126,12,110,140,12,12,160,103,1,"B4H0938 2016"
"B4H0940",2016,30,9,104,131,9,8,153,96,1,"B4H0940 2016"
"B4H0940",2017,7,10,95,122,10,4,144,80,2,"B4H0940 2017"
"B4H0940",2018,7,10,106,127,10,10,147,100,2,"B4H0940 2018"
"B4H0940",2019,7,10,100,125,10,6,146,78,2,"B4H0940 2019"
"B4H0946",2016,101,7,115,144,5,5,NA,115,1,"B4H0946 2016"
"B4H0946",2017,125,10,98,128,9,5,147,87,2,"B4H0946 2017"
"B4H0954",2016,161,7,109,136,4,4,155,103,1,"B4H0954 2016"
"B4H0958",2016,29,10,104,130,8,8,152,96,1,"B4H0958 2016"
"B4H0958",2019,29,9,109,129,8,5,149,99,2,"B4H0958 2019"
"B4H0963",2016,66,8,108,138,7,7,159,103,1,"B4H0963 2016"
"B4H0977",2016,199,10,108,135,10,8,157,96,1,"B4H0977 2016"
"B4H0979",2016,271,7,109,134,7,7,155,103,1,"B4H0979 2016"
"B4H0979",2017,271,10,97,123,8,5,143,87,2,"B4H0979 2017"
"B4H0982",2016,121,10,108,135,10,9,156,96,1,"B4H0982 2016"
"B4H0985",2016,251,8,135,154,6,6,174,135,1,"B4H0985 2016"
"B4H0987",2016,163,10,105,130,10,9,152,96,1,"B4H0987 2016"
"B4H0987",2017,89,9,95,116,9,3,140,80,2,"B4H0987 2017"
"B4H0988",2016,131,7,110,134,7,7,154,96,1,"B4H0988 2016"
"B4H0993",2016,39,8,109,138,8,7,158,96,1,"B4H0993 2016"
"B4H1000",2016,144,9,108,132,8,8,155,96,1,"B4H1000 2016"
"B4H1001",2015,235,8,110,129,8,8,149,96,1,"B4H1001 2015"
"B4H1001",2016,214,8,109,131,8,8,152,96,2,"B4H1001 2016"
"B4H1001",2017,214,6,100,125,5,5,145,94,2,"B4H1001 2017"
"B4H1001",2018,214,7,112,130,7,7,149,107,2,"B4H1001 2018"
"B4H1001",2020,214,8,104,122,8,7,NA,84,2,"B4H1001 2020"
"B4H1034",2015,62,10,111,135,10,10,156,110,1,"B4H1034 2015"
"B4H1039",2015,9,9,110,132,8,7,152,100,1,"B4H1039 2015"
"B4H1045",2015,77,10,109,130,9,9,151,103,1,"B4H1045 2015"
"B4H1045",2016,107,8,106,132,7,4,155,96,2,"B4H1045 2016"
"B4H1045",2017,77,8,99,129,3,3,NA,87,2,"B4H1045 2017"
"B4H1053",2015,138,11,107,131,11,11,151,103,1,"B4H1053 2015"
"B4H1054",2015,263,10,107,128,10,10,148,100,1,"B4H1054 2015"
"B4H1064",2015,85,6,111,131,6,6,152,110,1,"B4H1064 2015"
"B4H1064",2017,110,12,96,122,10,7,142,87,2,"B4H1064 2017"
"B4H1064",2018,111,8,109,129,8,7,149,107,2,"B4H1064 2018"
"B4H1086",2015,256,9,108,128,9,9,149,100,1,"B4H1086 2015"
"B4H1086",2016,256,10,105,130,10,9,153,96,2,"B4H1086 2016"
"B4H1086",2017,256,7,124,146,4,4,164,80,2,"B4H1086 2017"
"B4H1091",2015,64,10,109,131,8,8,151,100,1,"B4H1091 2015"
"B4H1091",2017,67,10,99,124,10,5,144,87,2,"B4H1091 2017"
"B4H1105",2015,222,7,111,133,7,7,154,103,1,"B4H1105 2015"
"B4H1105",2016,228,9,105,130,5,5,151,96,2,"B4H1105 2016"
"B4H1105",2017,242,12,95,123,11,7,146,94,2,"B4H1105 2017"
"B4H1116",2015,163,10,107,128,10,8,151,96,1,"B4H1116 2015"
"B4H1116",2016,162,9,106,132,9,7,153,96,2,"B4H1116 2016"
"B4H1116",2017,162,11,96,124,10,6,144,87,2,"B4H1116 2017"
"B4H1116",2018,162,8,107,129,8,8,147,107,2,"B4H1116 2018"
"B4H1125",2015,21,10,110,132,7,7,153,110,1,"B4H1125 2015"
"B4H1125",2016,21,10,105,130,9,2,149,96,2,"B4H1125 2016"
"B4H1181",2015,246,12,108,131,12,12,153,103,1,"B4H1181 2015"
"B4H1181",2016,247,10,106,135,10,9,156,103,2,"B4H1181 2016"
"B4H1181",2017,247,9,99,125,6,5,145,80,2,"B4H1181 2017"
"B4H1181",2018,247,9,109,129,9,9,149,107,2,"B4H1181 2018"
"B4H1217",2016,35,7,113,135,7,7,155,96,2,"B4H1217 2016"
"B4H1231",2016,126,12,110,140,12,12,160,103,2,"B4H1231 2016"
"B4H1267",2015,149,8,113,135,8,8,155,103,1,"B4H1267 2015"
"B4H1267",2016,157,9,110,137,9,9,157,103,2,"B4H1267 2016"
"B4H1271",2015,122,6,108,NA,5,1,NA,82,1,"B4H1271 2015"
"B4H1297",2015,196,10,112,134,3,3,154,82,1,"B4H1297 2015"
"B4H1297",2016,160,12,102,130,6,6,153,89,2,"B4H1297 2016"
"B4H1299",2015,271,10,109,131,9,9,151,100,1,"B4H1299 2015"
"B4H1299",2016,253,10,106,133,10,9,154,96,2,"B4H1299 2016"
"B4H1299",2017,270,11,96,127,11,4,147,80,2,"B4H1299 2017"
"B4H1299",2018,270,7,109,130,7,7,148,100,2,"B4H1299 2018"
"B4H1301",2015,78,10,108,129,10,10,150,100,1,"B4H1301 2015"
"B4H1301",2016,55,10,103,130,7,7,150,103,2,"B4H1301 2016"
"B4H1320",2016,269,10,107,134,9,9,155,96,2,"B4H1320 2016"
"B4H1320",2017,262,6,136,153,6,6,171,80,2,"B4H1320 2017"
"B4H1327",2016,224,12,107,134,12,10,155,96,2,"B4H1327 2016"
"B4H1327",2017,224,9,102,129,8,8,NA,87,2,"B4H1327 2017"
"B4H1334",2015,167,10,109,130,10,9,150,100,1,"B4H1334 2015"
"B4H1339",2015,82,11,108,130,11,10,152,100,1,"B4H1339 2015"
"B4H1339",2016,49,12,100,130,12,12,152,83,2,"B4H1339 2016"
"B4H1339",2017,54,8,130,149,8,8,167,80,2,"B4H1339 2017"
"B4H1339",2018,49,12,105,128,12,11,147,100,2,"B4H1339 2018"
"B4H1345",2015,34,9,113,136,9,9,157,100,1,"B4H1345 2015"
"B4H1350",2015,45,11,108,131,10,10,151,103,1,"B4H1350 2015"
"B4H1350",2016,60,13,102,135,11,10,155,96,2,"B4H1350 2016"
"B4H1351",2015,246,12,108,131,12,12,153,103,1,"B4H1351 2015"
"B4H1422",2015,220,10,107,128,10,10,NA,100,1,"B4H1422 2015"
"B4H1423",2015,251,9,107,128,9,9,150,96,1,"B4H1423 2015"
"B4H1423",2016,239,11,100,127,11,6,148,89,2,"B4H1423 2016"
"B4H1483",2015,213,9,111,132,6,6,152,111,1,"B4H1483 2015"
"B4H1484",2017,1,10,97,119,9,5,140,94,2,"B4H1484 2017"
"B4H1490",2015,108,11,107,131,10,10,152,103,1,"B4H1490 2015"
"B4H1491",2015,32,10,111,134,10,9,155,110,1,"B4H1491 2015"
"B4H1491",2016,33,11,110,138,10,9,158,96,2,"B4H1491 2016"
"B4H1491",2017,4,12,98,127,12,6,147,80,2,"B4H1491 2017"
"B4H1491",2018,4,10,111,132,10,10,151,86,2,"B4H1491 2018"
"B4H1491",2019,5,10,115,137,10,8,156,78,2,"B4H1491 2019"
"B4H1503",2015,40,7,112,137,6,6,156,110,1,"B4H1503 2015"
"B4H1503",2016,39,8,109,138,8,7,158,96,2,"B4H1503 2016"
"B4H1504",2015,200,12,110,133,11,10,154,96,1,"B4H1504 2015"
"B4H1504",2016,203,12,108,135,12,12,156,89,2,"B4H1504 2016"
"B4H1504",2018,200,9,112,133,9,9,153,107,2,"B4H1504 2018"
"B4H1504",2019,202,11,108,133,7,5,NA,99,2,"B4H1504 2019"
"B4H1504",2020,203,7,110,129,7,5,NA,91,2,"B4H1504 2020"
"B4H1506",2015,194,12,106,129,12,4,152,99,1,"B4H1506 2015"
"B4H1517",2015,121,6,109,NA,6,6,NA,96,1,"B4H1517 2015"
"B4H1534",2015,157,10,111,135,7,6,155,110,1,"B4H1534 2015"
"B4H1539",2015,175,10,110,134,9,9,155,110,1,"B4H1539 2015"
"B4H1559",2015,226,10,111,133,10,5,156,110,2,"B4H1559 2015"
"B4H1561",2015,88,12,107,131,12,12,152,103,1,"B4H1561 2015"
"B4H1564",2015,161,9,108,129,9,9,150,96,1,"B4H1564 2015"
"B4H1572",2016,44,12,104,133,12,10,154,103,2,"B4H1572 2016"
"B4H1572",2017,44,12,96,122,10,5,142,87,2,"B4H1572 2017"
"B4H1572",2018,10,11,106,129,10,8,148,100,2,"B4H1572 2018"
"B4H1573",2015,7,11,107,128,10,9,150,103,1,"B4H1573 2015"
"B4H1573",2016,29,10,104,130,8,8,152,96,2,"B4H1573 2016"
"B4H1573",2017,9,13,92,114,11,1,136,80,2,"B4H1573 2017"
"B4H1575",2015,35,6,116,136,6,6,156,113,1,"B4H1575 2015"
"B4H1577",2015,191,10,107,130,10,10,151,103,1,"B4H1577 2015"
"B4H1577",2016,211,11,102,129,10,6,152,83,2,"B4H1577 2016"
"B4H1577",2017,212,7,127,145,7,7,164,101,2,"B4H1577 2017"
"B4H1577",2018,191,8,111,129,8,8,148,107,2,"B4H1577 2018"
"B4H1579",2015,99,6,111,133,6,6,152,110,1,"B4H1579 2015"
"B4H1584",2015,88,12,107,131,12,12,152,103,1,"B4H1584 2015"
"B4H1592",2016,114,9,106,131,9,9,152,96,2,"B4H1592 2016"
"B4H1592",2017,113,11,94,119,10,6,139,80,2,"B4H1592 2017"
"B4H1597",2015,192,7,129,146,7,6,166,129,1,"B4H1597 2015"
"B4H1606",2015,225,10,109,130,10,10,152,100,1,"B4H1606 2015"
"B4H1618",2016,217,10,102,130,10,8,151,96,2,"B4H1618 2016"
"B4H1618",2018,216,10,108,129,9,9,148,100,2,"B4H1618 2018"
"B4H1625",2015,31,12,108,133,12,10,153,96,1,"B4H1625 2015"
"B4H1625",2016,31,12,101,133,11,11,155,89,2,"B4H1625 2016"
"B4H1625",2017,31,13,94,122,13,4,141,80,2,"B4H1625 2017"
"B4H1627",2015,18,11,109,132,10,10,152,103,1,"B4H1627 2015"
"B4H1633",2015,272,10,109,130,9,9,151,100,1,"B4H1633 2015"
"B4H1640",2015,125,8,109,132,8,8,152,103,1,"B4H1640 2015"
"B4H1640",2016,125,5,112,136,5,5,156,103,2,"B4H1640 2016"
"B4H1640",2017,151,7,97,119,5,4,142,87,2,"B4H1640 2017"
"B4H1640",2018,152,9,109,129,9,9,150,107,2,"B4H1640 2018"
"B4H1644",2016,173,11,102,132,10,9,154,89,2,"B4H1644 2016"
"B4H1645",2015,87,9,107,128,9,7,149,100,1,"B4H1645 2015"
"B4H1665",2016,148,9,111,136,8,8,157,96,1,"B4H1665 2016"
"B4H1673",2016,196,10,109,137,9,8,157,96,1,"B4H1673 2016"
"B4H1675",2016,65,9,107,135,5,5,155,89,1,"B4H1675 2016"
"B4H1675",2017,38,11,96,122,7,4,142,80,2,"B4H1675 2017"
"B4H1675",2018,37,8,112,130,8,8,149,110,2,"B4H1675 2018"
"B4H1675",2019,38,11,107,132,10,7,151,92,2,"B4H1675 2019"
"B4H1675",2020,37,10,107,128,9,8,NA,105,2,"B4H1675 2020"
"B4H1678",2016,277,10,108,132,10,8,154,96,1,"B4H1678 2016"
"B4H1678",2017,277,7,106,129,7,6,148,80,2,"B4H1678 2017"
"B4H1682",2016,122,9,107,133,9,9,155,89,1,"B4H1682 2016"
"B4H1702",2015,227,10,111,133,10,10,154,110,1,"B4H1702 2015"
"B4H1702",2016,251,8,135,154,6,6,174,135,2,"B4H1702 2016"
"B4H1702",2018,250,11,109,131,11,10,150,107,2,"B4H1702 2018"
"B4H1709",2015,162,10,110,133,10,10,153,103,1,"B4H1709 2015"
"B4H1711",2015,110,12,108,132,12,12,152,103,1,"B4H1711 2015"
"B4H1712",2015,71,10,107,128,10,9,148,103,2,"B4H1712 2015"
"B4H1712",2016,75,9,109,134,9,8,155,96,2,"B4H1712 2016"
"B4H1712",2017,142,10,99,124,10,4,144,94,2,"B4H1712 2017"
"B4H1716",2015,148,8,116,137,7,7,156,113,2,"B4H1716 2015"
"B4H1716",2016,100,9,112,143,8,8,NA,89,2,"B4H1716 2016"
"B4H1717",2015,157,10,111,135,7,6,155,110,1,"B4H1717 2015"
"B4H1719",2016,34,8,110,133,8,4,154,96,2,"B4H1719 2016"
"B4H1720",2015,213,9,111,132,6,6,152,111,2,"B4H1720 2015"
"B4H1722",2015,112,9,117,137,9,9,156,113,1,"B4H1722 2015"
"B4H1725",2016,10,10,107,136,6,6,156,96,2,"B4H1725 2016"
"B4H1728",2016,227,9,111,136,8,8,157,103,1,"B4H1728 2016"
"B4H1736",2016,199,10,108,135,10,8,157,96,1,"B4H1736 2016"
"B4H1736",2017,198,11,97,124,9,6,144,87,2,"B4H1736 2017"
"B4H1736",2018,198,11,106,128,10,10,147,100,2,"B4H1736 2018"
"B4H1736",2019,181,10,103,131,4,2,151,99,2,"B4H1736 2019"
"B4H1737",2019,275,9,106,130,7,5,150,78,2,"B4H1737 2019"
"B4H1740",2016,277,10,108,132,10,8,154,96,1,"B4H1740 2016"
"B4H1741",2016,261,10,107,134,4,4,153,96,1,"B4H1741 2016"
"B4H1746",2016,238,11,107,133,11,9,155,89,1,"B4H1746 2016"
"B4H1746",2017,238,7,103,127,7,7,147,98,2,"B4H1746 2017"
"B4H1753",2016,142,8,111,134,8,8,153,96,1,"B4H1753 2016"
"B4H1753",2017,135,11,98,126,8,5,147,94,2,"B4H1753 2017"
"B4H1755",2016,201,6,114,139,2,2,160,114,1,"B4H1755 2016"
"B4H1755",2017,201,8,98,123,6,3,142,94,2,"B4H1755 2017"
"B4H1766",2016,233,11,108,133,11,9,154,96,1,"B4H1766 2016"
"B4H1772",2016,34,8,110,133,8,4,154,96,1,"B4H1772 2016"
"B4H1772",2017,1,10,97,119,9,5,140,94,2,"B4H1772 2017"
"B4H1772",2018,2,8,109,128,8,8,149,107,2,"B4H1772 2018"
"B4H1773",2016,240,6,111,134,5,5,153,110,1,"B4H1773 2016"
"B4H1776",2016,23,13,107,137,11,11,158,89,1,"B4H1776 2016"
"B4H1776",2017,24,13,96,125,12,10,146,80,2,"B4H1776 2017"
"B4H1776",2018,24,11,107,130,10,9,149,100,2,"B4H1776 2018"
"B4H1776",2019,24,12,102,128,12,3,148,85,2,"B4H1776 2019"
"B4H1784",2016,99,7,124,142,7,7,164,110,1,"B4H1784 2016"
"B4H1785",2016,114,9,106,131,9,9,152,96,1,"B4H1785 2016"
"B4H1785",2017,113,11,94,119,10,6,139,80,2,"B4H1785 2017"
"B4H1785",2018,113,11,106,128,11,11,148,100,2,"B4H1785 2018"
"B4H1785",2019,111,10,99,124,9,7,143,85,2,"B4H1785 2019"
"B4H1787",2016,163,10,105,130,10,9,152,96,1,"B4H1787 2016"
"B4H1794",2016,219,10,104,130,9,9,152,96,1,"B4H1794 2016"
"B4H1794",2017,219,8,96,124,2,2,NA,87,2,"B4H1794 2017"
"B4H1799",2016,217,10,102,130,10,8,151,96,1,"B4H1799 2016"
"B4H1799",2018,216,10,108,129,9,9,148,100,2,"B4H1799 2018"
"B4H1799",2020,232,10,103,125,8,8,143,84,2,"B4H1799 2020"
"B4H1828",2016,84,9,106,133,9,9,NA,96,1,"B4H1828 2016"
"B4H1828",2017,81,13,96,123,13,7,145,87,2,"B4H1828 2017"
"B4H1828",2020,81,10,104,125,10,8,143,103,2,"B4H1828 2020"
"B4H1878",2016,125,5,112,136,5,5,156,103,1,"B4H1878 2016"
"B4H1878",2017,151,7,97,119,5,4,142,87,2,"B4H1878 2017"
"B4H1878",2018,152,9,109,129,9,9,150,107,2,"B4H1878 2018"
"B4H1888",2016,133,9,108,132,9,9,154,103,1,"B4H1888 2016"
"B4H1899",2016,28,9,103,130,5,5,151,96,1,"B4H1899 2016"
"B4H1899",2017,29,10,94,120,8,3,141,80,2,"B4H1899 2017"
"B4H1899",2018,8,10,106,127,8,8,147,100,2,"B4H1899 2018"
"B4H1915",2016,188,7,117,136,7,7,156,117,1,"B4H1915 2016"
"B4H1920",2016,272,11,107,134,11,10,156,96,1,"B4H1920 2016"
"B4H1920",2018,273,10,109,131,10,8,151,107,2,"B4H1920 2018"
"B4H1927",2016,271,7,109,134,7,7,155,103,1,"B4H1927 2016"
"B4H1927",2017,271,10,97,123,8,5,143,87,2,"B4H1927 2017"
"B4H1927",2018,254,11,110,132,11,11,151,107,2,"B4H1927 2018"
"B4H1927",2020,237,10,105,126,9,9,NA,91,2,"B4H1927 2020"
"B4H1928",2016,234,9,115,138,9,9,158,110,1,"B4H1928 2016"
"B4H1928",2017,235,8,96,120,6,3,140,80,2,"B4H1928 2017"
"B4H1931",2016,236,7,110,135,5,4,156,83,1,"B4H1931 2016"
"B4H1931",2017,236,6,106,135,4,4,154,94,2,"B4H1931 2017"
"B4H1932",2016,249,10,102,129,9,9,150,96,1,"B4H1932 2016"
"B4H1932",2017,248,10,99,130,10,10,149,87,2,"B4H1932 2017"
"B4H1946",2018,217,8,111,130,8,8,149,100,2,"B4H1946 2018"
"B4H1960",2018,157,10,108,128,10,10,147,79,2,"B4H1960 2018"
"B4H1960",2019,157,6,127,150,2,2,169,111,2,"B4H1960 2019"
"B4H1964",2016,196,10,109,137,9,8,157,96,1,"B4H1964 2016"
"B4H1973",2016,21,10,105,130,9,2,149,96,1,"B4H1973 2016"
"B4P1849",2019,136,9,110,131,9,4,152,85,1,"B4P1849 2019"
"B4P8010",2018,130,10,112,133,10,9,152,107,2,"B4P8010 2018"
"B4P8011",2017,209,7,125,144,7,7,162,125,1,"B4P8011 2017"
"B4P8011",2018,207,12,109,130,10,10,149,105,2,"B4P8011 2018"
"B4P8011",2019,219,11,103,127,11,5,148,92,2,"B4P8011 2019"
"B4P8017",2018,150,10,107,128,10,10,148,100,2,"B4P8017 2018"
"B4P8017",2020,127,11,101,122,11,8,143,84,2,"B4P8017 2020"
"B4P8022",2017,4,12,98,127,12,6,147,80,1,"B4P8022 2017"
"B4P8022",2018,4,10,111,132,10,10,151,86,2,"B4P8022 2018"
"B4P8024",2017,260,9,104,134,9,8,154,87,1,"B4P8024 2017"
"B4P8028",2017,264,7,124,143,7,6,162,122,1,"B4P8028 2017"
"B4P8034",2018,263,10,110,131,9,8,151,107,2,"B4P8034 2018"
"B4P8038",2017,241,7,96,125,6,6,144,80,1,"B4P8038 2017"
"B4P8048",2020,274,6,104,123,6,6,143,98,2,"B4P8048 2020"
"B4P8062",2017,153,8,136,154,8,7,173,74,1,"B4P8062 2017"
"B4P8078",2017,188,9,98,122,9,7,144,80,1,"B4P8078 2017"
"B4P8092",2017,36,10,97,120,10,5,142,80,1,"B4P8092 2017"
"B4P8092",2018,68,10,109,129,10,10,149,107,2,"B4P8092 2018"
"B4P8109",2017,86,12,95,121,8,6,141,87,1,"B4P8109 2017"
"B4P8109",2018,115,12,106,128,11,11,147,86,2,"B4P8109 2018"
"B4P8109",2019,77,11,99,123,11,8,142,85,2,"B4P8109 2019"
"B4P8110",2019,266,8,108,130,7,5,149,99,2,"B4P8110 2019"
"B4P8114",2017,135,11,98,126,8,5,147,94,1,"B4P8114 2017"
"B4P8136",2017,224,9,102,129,8,8,NA,87,1,"B4P8136 2017"
"B4P8136",2018,200,9,112,133,9,9,153,107,2,"B4P8136 2018"
"B4P8144",2017,129,8,100,127,4,4,146,80,1,"B4P8144 2017"
"B4P8145",2017,141,10,103,129,10,10,149,94,1,"B4P8145 2017"
"B4P8145",2018,137,8,110,130,7,7,149,107,2,"B4P8145 2018"
"B4P8147",2017,177,7,120,139,5,5,159,120,1,"B4P8147 2017"
"B4P8147",2018,154,7,111,131,2,2,149,107,2,"B4P8147 2018"
"B4P8147",2019,153,10,108,131,4,2,150,106,2,"B4P8147 2019"
"B4P8148",2017,209,7,125,144,7,7,162,125,1,"B4P8148 2017"
"B4P8157",2017,34,11,98,127,11,5,147,94,1,"B4P8157 2017"
"B4P8158",2017,143,8,104,131,8,8,150,100,1,"B4P8158 2017"
"B4P8158",2018,161,11,108,129,10,10,148,107,2,"B4P8158 2018"
"B4P8158",2019,162,11,102,126,11,7,145,99,2,"B4P8158 2019"
"B4P8159",2017,6,11,100,131,10,10,152,94,1,"B4P8159 2017"
"B4P8172",2017,163,8,98,120,8,5,140,87,1,"B4P8172 2017"
"B4P8174",2017,163,8,98,120,8,5,140,87,1,"B4P8174 2017"
"B4P8177",2017,225,6,128,147,2,2,166,128,1,"B4P8177 2017"
"B4P8178",2017,64,10,97,130,9,8,NA,94,1,"B4P8178 2017"
"B4P8184",2018,161,11,108,129,10,10,148,107,2,"B4P8184 2018"
"B4P8184",2019,162,11,102,126,11,7,145,99,2,"B4P8184 2019"
"B4P8186",2017,73,8,115,137,7,5,157,94,1,"B4P8186 2017"
"B4P8187",2017,264,7,124,143,7,6,162,122,1,"B4P8187 2017"
"B4P8188",2017,16,8,123,142,8,8,160,122,1,"B4P8188 2017"
"B4P8194",2018,172,11,109,131,11,10,150,100,2,"B4P8194 2018"
"B4P8195",2018,146,9,110,130,9,9,148,107,2,"B4P8195 2018"
"B4P8196",2018,77,9,110,131,9,8,151,100,2,"B4P8196 2018"
"B4P8196",2019,77,11,99,123,11,8,142,85,2,"B4P8196 2019"
"B4P8197",2018,126,10,117,136,7,7,155,117,1,"B4P8197 2018"
"B4P8198",2018,166,10,109,128,8,7,148,100,1,"B4P8198 2018"
"B4P8199",2018,149,8,113,131,7,6,150,100,1,"B4P8199 2018"
"B4P8208",2017,159,9,96,122,4,3,142,80,1,"B4P8208 2017"
"B4P8208",2018,172,11,109,131,11,10,150,100,2,"B4P8208 2018"
"B4P8213",2017,73,8,115,137,7,5,157,94,1,"B4P8213 2017"
"B4P8215",2017,145,10,106,129,8,6,149,104,1,"B4P8215 2017"
"B4P8215",2018,136,10,112,132,9,9,153,107,2,"B4P8215 2018"
"B4P8217",2017,213,7,124,142,6,6,162,80,1,"B4P8217 2017"
"B4P8224",2018,253,12,107,130,12,11,149,93,2,"B4P8224 2018"
"B4P8227",2017,126,10,96,121,9,4,143,94,1,"B4P8227 2017"
"B4P8228",2018,146,9,110,130,9,9,148,107,2,"B4P8228 2018"
"B4P8229",2018,196,12,106,129,12,12,148,100,2,"B4P8229 2018"
"B4P8229",2019,158,12,103,131,11,5,151,85,2,"B4P8229 2019"
"B4P8231",2017,247,9,99,125,6,5,145,80,1,"B4P8231 2017"
"B4P8243",2018,2,8,109,128,8,8,149,107,2,"B4P8243 2018"
"B4P8246",2018,226,12,108,130,11,10,150,107,2,"B4P8246 2018"
"B4P8246",2019,245,13,103,128,12,8,151,92,2,"B4P8246 2019"
"B4P8246",2020,246,12,103,125,12,11,143,91,2,"B4P8246 2020"
"B4P8247",2017,248,10,99,130,10,10,149,87,1,"B4P8247 2017"
"B4P8247",2018,250,11,109,131,11,10,150,107,2,"B4P8247 2018"
"B4P8247",2019,244,12,103,129,12,6,150,78,2,"B4P8247 2019"
"B4P8247",2020,248,10,104,126,10,10,NA,98,2,"B4P8247 2020"
"B4P8252",2017,139,7,101,127,7,7,146,94,1,"B4P8252 2017"
"B4P8252",2018,137,8,110,130,7,7,149,107,2,"B4P8252 2018"
"B4P8252",2019,137,8,108,130,8,5,NA,92,2,"B4P8252 2019"
"B4P8256",2017,111,10,102,126,10,8,145,94,1,"B4P8256 2017"
"B4P8261",2017,273,7,103,126,7,7,145,80,1,"B4P8261 2017"
"B4P8261",2018,271,8,110,129,8,8,149,100,2,"B4P8261 2018"
"B4P8286",2017,139,7,101,127,7,7,146,94,1,"B4P8286 2017"
"B4P8295",2017,154,9,100,125,1,1,146,80,1,"B4P8295 2017"
"B4P8309",2018,174,7,113,131,7,7,150,107,2,"B4P8309 2018"
"B4P8310",2017,161,11,98,124,11,5,144,87,1,"B4P8310 2017"
"B4P8334",2017,267,6,105,133,5,5,152,101,1,"B4P8334 2017"
"B4P8334",2018,276,9,109,129,9,9,148,107,2,"B4P8334 2018"
"B4P8334",2019,275,9,106,130,7,5,150,78,2,"B4P8334 2019"
"B4P8334",2020,277,9,107,127,9,8,NA,105,2,"B4P8334 2020"
"B4P8336",2017,188,9,98,122,9,7,144,80,1,"B4P8336 2017"
"B4P8345",2018,22,10,107,127,9,9,147,100,2,"B4P8345 2018"
"B4P8354",2017,6,11,100,131,10,10,152,94,1,"B4P8354 2017"
"B4P8354",2018,6,12,108,129,11,10,150,86,2,"B4P8354 2018"
"B4P8363",2017,204,5,133,149,5,5,169,80,1,"B4P8363 2017"
"B4P8363",2018,204,10,111,132,10,10,152,107,2,"B4P8363 2018"
"B4P8365",2017,261,8,103,132,5,3,151,87,1,"B4P8365 2017"
"B4P8370",2018,39,10,107,128,10,10,148,100,2,"B4P8370 2018"
"B4P8375",2017,182,11,99,128,11,9,149,80,1,"B4P8375 2017"
"B4P8392",2017,251,9,99,128,7,7,148,80,1,"B4P8392 2017"
"B4P8401",2017,16,8,123,142,8,8,160,122,1,"B4P8401 2017"
"B4P8401",2018,14,10,106,128,10,9,146,100,2,"B4P8401 2018"
"B4P8411",2017,11,10,98,127,9,9,147,87,1,"B4P8411 2017"
"B4P8414",2018,115,12,106,128,11,11,147,86,2,"B4P8414 2018"
"B4P8414",2020,108,11,103,126,7,7,NA,98,2,"B4P8414 2020"
"B4P8420",2017,181,11,96,123,7,6,142,87,1,"B4P8420 2017"
"B4P8420",2018,182,10,111,131,10,9,151,107,2,"B4P8420 2018"
"B4P8420",2019,181,10,103,131,4,2,151,99,2,"B4P8420 2019"
"B4P8420",2020,197,9,108,128,5,5,148,77,2,"B4P8420 2020"
"B4P8425",2017,145,10,106,129,8,6,149,104,1,"B4P8425 2017"
"B4P8425",2018,58,9,109,128,9,9,148,107,2,"B4P8425 2018"
"B4P8425",2020,170,10,104,124,10,8,143,84,2,"B4P8425 2020"
"B4P8442",2017,114,10,104,133,10,10,154,94,1,"B4P8442 2017"
"B4P8443",2017,134,10,97,121,10,6,144,87,1,"B4P8443 2017"
"B4P8470",2017,226,10,102,130,10,10,149,94,1,"B4P8470 2017"
"B4P8482",2017,85,11,96,120,10,4,141,87,1,"B4P8482 2017"
"B4P8485",2018,256,10,108,129,8,8,148,93,2,"B4P8485 2018"
"B4P8485",2019,256,8,107,131,6,3,150,85,2,"B4P8485 2019"
"B4P8485",2020,256,8,104,123,8,8,143,77,2,"B4P8485 2020"
"B4P8516",2017,214,6,100,125,5,5,145,94,1,"B4P8516 2017"
"B4P8519",2018,254,11,110,132,11,11,151,107,2,"B4P8519 2018"
"B4P8531",2018,206,9,116,134,9,7,153,114,2,"B4P8531 2018"
"B4P8540",2017,266,10,98,126,7,5,145,87,1,"B4P8540 2017"
"B4P8550",2017,127,7,127,146,6,6,164,127,1,"B4P8550 2017"
"B4P8558",2017,246,9,101,127,8,7,148,94,1,"B4P8558 2017"
"B4P8561",2018,160,9,110,136,8,8,155,100,2,"B4P8561 2018"
"B4P8562",2017,141,10,103,129,10,10,149,94,1,"B4P8562 2017"
"B4P8567",2017,103,8,125,144,7,6,164,122,1,"B4P8567 2017"
"B4P8569",2017,176,11,103,130,8,8,149,101,1,"B4P8569 2017"
"B4P8569",2018,178,10,109,128,10,9,148,107,2,"B4P8569 2018"
"B4P8569",2019,178,10,110,134,9,6,155,85,2,"B4P8569 2019"
"B4P8569",2020,200,11,107,128,11,5,NA,98,2,"B4P8569 2020"
"B4P8570",2018,244,11,109,130,10,10,149,107,2,"B4P8570 2018"
"B4P8576",2018,71,7,107,127,7,7,146,100,2,"B4P8576 2018"
"B4P8576",2019,71,8,116,139,7,5,158,113,2,"B4P8576 2019"
"B4P8576",2020,61,12,103,127,12,12,NA,98,2,"B4P8576 2020"
"B4P8597",2017,86,12,95,121,8,6,141,87,1,"B4P8597 2017"
"B4P8598",2018,134,11,107,129,10,10,149,93,2,"B4P8598 2018"
"B4P8598",2019,136,9,110,131,9,4,152,85,2,"B4P8598 2019"
"B4P8598",2020,145,10,98,120,10,9,138,77,2,"B4P8598 2020"
"B4P8612",2018,139,10,110,129,10,8,149,107,1,"B4P8612 2018"
"B4P8616",2018,257,8,113,132,8,7,151,107,1,"B4P8616 2018"
"B4P8620",2018,22,10,107,127,9,9,147,100,1,"B4P8620 2018"
"B4P8620",2019,40,9,111,134,8,6,153,99,2,"B4P8620 2019"
"B4P8630",2018,35,9,111,131,8,8,151,100,1,"B4P8630 2018"
"B4P8630",2019,1,9,109,129,8,6,149,85,2,"B4P8630 2019"
"B4P8661",2018,42,10,113,134,9,9,153,113,1,"B4P8661 2018"
"B4P8661",2019,60,14,102,128,12,9,147,85,2,"B4P8661 2019"
"B4P8661",2020,42,13,105,128,12,12,NA,91,2,"B4P8661 2020"
"B4P8675",2018,163,8,113,137,6,3,155,107,1,"B4P8675 2018"
"B4P8705",2017,252,12,97,130,12,8,150,80,1,"B4P8705 2017"
"B4P8707",2017,52,12,100,128,10,8,NA,87,1,"B4P8707 2017"
"B4P8714",2019,223,7,138,156,7,7,NA,138,2,"B4P8714 2019"
"B4P8714",2020,203,7,110,129,7,5,NA,91,2,"B4P8714 2020"
"B4P8742",2018,244,11,109,130,10,10,149,107,2,"B4P8742 2018"
"B4P8744",2019,201,10,111,134,8,3,NA,92,2,"B4P8744 2019"
"B4P8744",2020,224,10,108,130,10,7,148,84,2,"B4P8744 2020"
"B4P8750",2017,273,7,103,126,7,7,145,80,1,"B4P8750 2017"
"B4P8750",2018,271,8,110,129,8,8,149,100,2,"B4P8750 2018"
"B4P8752",2017,55,11,99,122,9,3,142,80,1,"B4P8752 2017"
"B4P8766",2017,53,12,94,121,12,2,141,87,1,"B4P8766 2017"
"B4P8766",2018,49,12,105,128,12,11,147,100,2,"B4P8766 2018"
"B4P8766",2019,54,14,99,127,13,6,147,85,2,"B4P8766 2019"
"B4P8818",2018,234,12,109,131,12,11,151,107,1,"B4P8818 2018"
"B4P8818",2019,233,8,103,126,7,5,146,78,2,"B4P8818 2019"
"B4P8823",2018,265,8,121,140,7,7,159,121,1,"B4P8823 2018"
"B4P8829",2018,224,11,109,132,9,9,153,100,1,"B4P8829 2018"
"B4P8845",2018,55,9,109,131,8,8,150,107,1,"B4P8845 2018"
"B4P8872",2018,149,8,113,131,7,6,150,100,1,"B4P8872 2018"
"B4P8902",2017,237,6,104,126,6,6,147,87,1,"B4P8902 2017"
"B4P8907",2017,10,12,96,121,12,8,142,87,1,"B4P8907 2017"
"B4P8908",2018,229,11,108,130,11,11,150,107,2,"B4P8908 2018"
"B4P8910",2017,246,9,101,127,8,7,148,94,1,"B4P8910 2017"
"B4P8918",2018,58,9,109,128,9,9,148,107,1,"B4P8918 2018"
"B4P8935",2018,228,12,107,129,12,11,148,107,1,"B4P8935 2018"
"B4P8937",2018,96,5,108,131,5,5,150,107,1,"B4P8937 2018"
"B4P8958",2018,174,7,113,131,7,7,150,107,1,"B4P8958 2018"
"B4P8958",2019,173,7,111,130,7,5,149,99,2,"B4P8958 2019"
"B4P8958",2020,172,8,107,126,8,8,NA,105,2,"B4P8958 2020"
"B4P8962",2018,33,10,109,130,10,10,149,107,1,"B4P8962 2018"
"B4P8968",2019,98,8,126,148,8,8,NA,85,2,"B4P8968 2019"
"B4P8972",2019,31,12,108,133,11,7,154,99,2,"B4P8972 2019"
"B4P8972",2020,6,12,106,130,11,11,NA,98,2,"B4P8972 2020"
"B4P9012",2018,100,8,110,129,5,5,149,100,1,"B4P9012 2018"
"B4P9037",2018,1,9,110,130,7,7,149,100,1,"B4P9037 2018"
"B4P9037",2019,1,9,109,129,8,6,149,85,2,"B4P9037 2019"
"B4P9042",2018,119,10,111,131,8,7,151,107,1,"B4P9042 2018"
"B4P9051",2018,71,7,107,127,7,7,146,100,1,"B4P9051 2018"
"B4P9054",2018,107,11,107,130,11,11,149,93,2,"B4P9054 2018"
"B4P9054",2019,116,11,103,126,11,9,147,99,2,"B4P9054 2019"
"B4P9055",2018,214,7,112,130,7,7,149,107,1,"B4P9055 2018"
"B4P9056",2018,225,9,111,132,9,6,150,107,1,"B4P9056 2018"
"B4P9057",2018,277,8,110,128,7,7,148,107,1,"B4P9057 2018"
"B4P9057",2020,274,6,104,123,6,6,143,98,2,"B4P9057 2020"
"B4P9062",2018,21,10,108,129,10,10,149,100,2,"B4P9062 2018"
"B4P9062",2019,82,10,104,127,10,8,147,92,2,"B4P9062 2019"
"B4P9070",2018,229,11,108,130,11,11,150,107,1,"B4P9070 2018"
"B4P9078",2018,277,8,110,128,7,7,148,107,1,"B4P9078 2018"
"B4P9080",2018,188,9,111,131,9,9,151,107,1,"B4P9080 2018"
"B4P9080",2019,167,8,112,132,8,6,152,99,2,"B4P9080 2019"
"B4P9080",2020,167,10,101,123,10,3,NA,84,2,"B4P9080 2020"
"B4P9090",2018,265,8,121,140,7,7,159,121,1,"B4P9090 2018"
"B4P9092",2018,111,8,109,129,8,7,149,107,1,"B4P9092 2018"
"B4P9092",2019,52,9,111,132,9,7,152,106,2,"B4P9092 2019"
"B4P9096",2018,44,6,144,155,6,6,NA,144,1,"B4P9096 2018"
"B4P9098",2018,136,10,112,132,9,9,153,107,1,"B4P9098 2018"
"B4P9100",2018,123,9,110,129,8,8,150,107,1,"B4P9100 2018"
"B4P9100",2020,127,11,101,122,11,8,143,84,2,"B4P9100 2020"
"B4P9104",2018,230,10,108,129,9,9,148,107,1,"B4P9104 2018"
"B4P9104",2019,231,8,106,126,8,6,147,99,2,"B4P9104 2019"
"B4P9104",2020,230,8,103,122,8,8,143,84,2,"B4P9104 2020"
"B4P9113",2018,101,11,111,132,10,10,152,107,1,"B4P9113 2018"
"B4P9113",2019,122,9,104,129,6,4,148,99,2,"B4P9113 2019"
"B4P9119",2018,53,11,108,130,5,5,151,107,1,"B4P9119 2018"
"B4P9119",2019,54,14,99,127,13,6,147,85,2,"B4P9119 2019"
"B4P9120",2018,213,9,109,129,9,9,149,107,1,"B4P9120 2018"
"B4P9127",2020,5,9,106,126,9,9,NA,105,2,"B4P9127 2020"
"B4P9136",2018,262,10,111,132,10,9,151,107,1,"B4P9136 2018"
"B4P9140",2018,199,10,110,130,10,10,150,107,1,"B4P9140 2018"
"B4P9170",2018,44,6,144,155,6,6,NA,144,1,"B4P9170 2018"
"B4P9170",2019,44,12,99,124,12,7,145,85,2,"B4P9170 2019"
"B4P9170",2020,27,11,103,124,11,11,143,84,2,"B4P9170 2020"
"B4P9191",2018,191,8,111,129,8,8,148,107,1,"B4P9191 2018"
"B4P9191",2019,214,9,105,126,9,4,145,92,2,"B4P9191 2019"
"B4P9191",2020,214,8,104,122,8,7,NA,84,2,"B4P9191 2020"
"B4P9194",2018,256,10,108,129,8,8,148,93,1,"B4P9194 2018"
"B4P9194",2019,256,8,107,131,6,3,150,85,2,"B4P9194 2019"
"B4P9196",2018,241,8,109,128,8,8,148,107,1,"B4P9196 2018"
"B4P9196",2019,231,8,106,126,8,6,147,99,2,"B4P9196 2019"
"B4P9196",2020,230,8,103,122,8,8,143,84,2,"B4P9196 2020"
"B4P9197",2018,234,12,109,131,12,11,151,107,1,"B4P9197 2018"
"B4P9211",2018,201,9,111,131,9,9,150,110,1,"B4P9211 2018"
"B4P9211",2019,178,10,110,134,9,6,155,85,2,"B4P9211 2019"
"B4P9213",2018,255,11,109,132,11,10,151,107,1,"B4P9213 2018"
"B4P9213",2019,255,11,109,132,10,8,152,92,2,"B4P9213 2019"
"B4P9213",2020,255,8,107,126,8,8,NA,105,2,"B4P9213 2020"
"B4P9239",2019,272,11,111,136,8,6,155,85,2,"B4P9239 2019"
"B4P9239",2020,273,11,103,126,11,11,NA,98,2,"B4P9239 2020"
"B4P9246",2018,100,8,110,129,5,5,149,100,1,"B4P9246 2018"
"B4P9249",2018,80,11,107,131,9,9,150,100,1,"B4P9249 2018"
"B4P9249",2019,80,11,102,127,11,6,148,99,2,"B4P9249 2019"
"B4P9250",2018,76,9,111,134,4,4,153,107,1,"B4P9250 2018"
"B4P9250",2019,88,11,101,130,7,4,149,92,2,"B4P9250 2019"
"B4P9250",2020,108,11,103,126,7,7,NA,98,2,"B4P9250 2020"
"B4P9261",2018,1,9,110,130,7,7,149,100,1,"B4P9261 2018"
"B4P9266",2020,40,10,106,127,10,8,NA,105,2,"B4P9266 2020"
"B4P9301",2019,68,10,109,131,7,5,151,92,2,"B4P9301 2019"
"B4P9301",2020,37,10,107,128,9,8,NA,105,2,"B4P9301 2020"
"B4P9304",2018,35,9,111,131,8,8,151,100,2,"B4P9304 2018"
"B4P9304",2020,1,11,104,125,11,8,143,98,2,"B4P9304 2020"
"B4P9307",2018,120,10,115,135,10,9,155,107,1,"B4P9307 2018"
"B4P9309",2018,5,14,108,134,8,8,152,100,1,"B4P9309 2018"
"B4P9313",2018,221,8,112,131,8,8,150,112,1,"B4P9313 2018"
"B4P9315",2019,81,8,123,143,8,3,164,123,2,"B4P9315 2019"
"B4P9322",2018,14,10,106,128,10,9,146,100,1,"B4P9322 2018"
"B4P9323",2019,261,11,104,128,9,5,149,85,2,"B4P9323 2019"
"B4P9323",2020,251,2,109,134,1,1,NA,77,2,"B4P9323 2020"
"B4P9326",2018,36,8,112,137,7,7,NA,110,1,"B4P9326 2018"
"B4P9326",2019,34,7,128,147,7,6,NA,127,2,"B4P9326 2019"
"B4P9327",2019,102,12,106,131,5,2,152,106,2,"B4P9327 2019"
"B4P9327",2020,90,11,131,149,7,5,NA,131,2,"B4P9327 2020"
"B4P9328",2019,115,10,102,127,10,8,147,85,2,"B4P9328 2019"
"B4P9328",2020,111,11,103,126,11,11,NA,98,2,"B4P9328 2020"
"B4P9333",2019,187,8,103,124,8,4,147,78,1,"B4P9333 2019"
"B4P9333",2020,167,10,101,123,10,3,NA,84,2,"B4P9333 2020"
"B4P9342",2019,238,10,109,133,9,6,154,85,1,"B4P9342 2019"
"B4P9342",2020,232,10,103,125,8,8,143,84,2,"B4P9342 2020"
"B4P9350",2019,184,9,110,132,9,7,151,99,1,"B4P9350 2019"
"B4P9351",2019,113,10,104,128,10,3,150,92,1,"B4P9351 2019"
"B4P9361",2019,89,8,113,135,6,4,154,100,1,"B4P9361 2019"
"B4P9367",2019,56,10,98,122,10,8,142,78,1,"B4P9367 2019"
"B4P9373",2019,129,12,111,140,7,5,NA,99,1,"B4P9373 2019"
"B4P9382",2019,64,8,105,127,6,4,148,85,1,"B4P9382 2019"
"B4P9382",2020,64,10,105,126,8,8,NA,84,2,"B4P9382 2020"
"B4P9391",2020,2,10,104,123,9,9,143,98,2,"B4P9391 2020"
"B4P9392",2019,9,9,101,123,9,7,143,85,1,"B4P9392 2019"
"B4P9402",2018,46,11,108,129,11,10,149,100,1,"B4P9402 2018"
"B4P9407",2019,61,11,99,124,9,7,NA,85,2,"B4P9407 2019"
"B4P9422",2018,273,10,109,131,10,8,151,107,1,"B4P9422 2018"
"B4P9462",2018,85,7,117,135,7,7,155,114,1,"B4P9462 2018"
"B4P9464",2018,247,9,109,129,9,9,149,107,1,"B4P9464 2018"
"B4P9464",2019,226,10,102,128,9,5,148,99,2,"B4P9464 2019"
"B4P9464",2020,226,10,103,123,10,10,143,91,2,"B4P9464 2020"
"B4P9491",2018,221,8,112,131,8,8,150,112,1,"B4P9491 2018"
"B4P9491",2019,228,11,107,134,6,3,153,78,2,"B4P9491 2019"
"B4P9497",2018,73,12,108,131,11,11,151,100,1,"B4P9497 2018"
"B4P9497",2020,42,13,105,128,12,12,NA,91,2,"B4P9497 2020"
"B4P9512",2018,126,10,117,136,7,7,155,117,1,"B4P9512 2018"
"B4P9513",2018,224,11,109,132,9,9,153,100,1,"B4P9513 2018"
"B4P9516",2018,204,10,111,132,10,10,152,107,1,"B4P9516 2018"
"B4P9530",2019,168,10,105,127,10,5,147,99,2,"B4P9530 2019"
"B4P9531",2018,255,11,109,132,11,10,151,107,1,"B4P9531 2018"
"B4P9531",2019,236,11,108,133,11,9,154,99,2,"B4P9531 2019"
"B4P9534",2018,18,8,109,128,7,7,148,102,2,"B4P9534 2018"
"B4P9544",2018,53,11,108,130,5,5,151,107,1,"B4P9544 2018"
"B4P9551",2018,150,10,107,128,10,10,148,100,1,"B4P9551 2018"
"B4P9561",2019,21,8,101,123,8,6,143,85,2,"B4P9561 2019"
"B4P9561",2020,22,10,104,125,9,9,143,77,2,"B4P9561 2020"
"B4P9563",2018,262,10,111,132,10,9,151,107,1,"B4P9563 2018"
"B4P9563",2020,252,11,104,126,11,10,NA,84,2,"B4P9563 2020"
"B4P9572",2018,112,9,109,129,9,9,149,107,1,"B4P9572 2018"
"B4P9583",2018,139,10,110,129,10,8,149,107,1,"B4P9583 2018"
"B4P9596",2018,230,10,108,129,9,9,148,107,1,"B4P9596 2018"
"B4P9596",2019,251,10,102,126,7,5,145,85,2,"B4P9596 2019"
"B4P9596",2020,241,10,104,124,10,10,143,84,2,"B4P9596 2020"
"B4P9613",2019,259,7,112,131,7,4,150,99,1,"B4P9613 2019"
"B4P9613",2020,259,8,106,125,7,7,143,105,2,"B4P9613 2020"
"B4P9614",2019,23,7,126,145,6,6,164,126,1,"B4P9614 2019"
"B4P9614",2020,27,11,103,124,11,11,143,84,2,"B4P9614 2020"
"B4P9615",2019,87,7,112,131,7,5,150,85,1,"B4P9615 2019"
"B4P9615",2020,140,10,103,123,10,9,143,103,2,"B4P9615 2020"
"B4P9641",2020,245,10,103,123,9,9,143,91,2,"B4P9641 2020"
"B4P9643",2020,188,12,104,126,12,10,NA,84,2,"B4P9643 2020"
"B4P9662",2019,206,10,104,129,8,5,152,85,1,"B4P9662 2019"
"B4P9692",2020,193,9,106,127,9,9,NA,105,2,"B4P9692 2020"
"B4P9695",2019,189,10,100,122,9,7,141,78,1,"B4P9695 2019"
"B4P9695",2020,165,9,106,127,9,8,NA,91,2,"B4P9695 2020"
"B4P9712",2018,207,12,109,130,10,10,149,105,1,"B4P9712 2018"
"B4P9712",2019,219,11,103,127,11,5,148,92,2,"B4P9712 2019"
"B4P9712",2020,217,12,104,126,12,10,144,98,2,"B4P9712 2020"
"B4P9721",2018,112,9,109,129,9,9,149,107,1,"B4P9721 2018"
"B4P9721",2019,111,10,99,124,9,7,143,85,2,"B4P9721 2019"
"B4P9727",2018,276,9,109,129,9,9,148,107,1,"B4P9727 2018"
"B4P9734",2018,252,9,107,128,9,9,148,73,1,"B4P9734 2018"
"B4P9734",2019,218,9,104,126,9,5,147,85,2,"B4P9734 2019"
"B4P9745",2020,29,7,103,126,5,5,NA,84,2,"B4P9745 2020"
"B4P9773",2018,263,10,110,131,9,8,151,107,1,"B4P9773 2018"
"B4P9773",2019,267,10,104,128,7,5,148,78,2,"B4P9773 2019"
"B4P9792",2018,103,9,111,131,8,8,150,111,2,"B4P9792 2018"
"B4P9792",2019,29,9,109,129,8,5,149,99,2,"B4P9792 2019"
"B4P9792",2020,92,9,107,127,7,7,NA,105,2,"B4P9792 2020"
"B4P9797",2018,217,8,111,130,8,8,149,100,1,"B4P9797 2018"
"B4P9801",2018,251,9,110,130,9,9,150,107,1,"B4P9801 2018"
"B4P9809",2020,25,8,110,132,8,2,NA,91,2,"B4P9809 2020"
"B4P9810",2019,4,8,114,138,8,6,157,85,2,"B4P9810 2019"
"B4P9810",2020,34,8,108,127,8,8,NA,105,2,"B4P9810 2020"
"B4P9824",2019,183,8,115,136,7,5,155,99,2,"B4P9824 2019"
"B4P9824",2020,171,10,107,131,7,7,NA,105,2,"B4P9824 2020"
"B4P9841",2018,241,8,109,128,8,8,148,107,1,"B4P9841 2018"
"B4P9847",2018,154,7,111,131,2,2,149,107,1,"B4P9847 2018"
"B4P9847",2020,175,9,106,127,8,8,NA,105,2,"B4P9847 2020"
"B4P9857",2018,5,14,108,134,8,8,152,100,1,"B4P9857 2018"
"B4P9865",2019,159,8,116,138,8,6,158,113,2,"B4P9865 2019"
"B4P9908",2019,233,8,103,126,7,5,146,78,1,"B4P9908 2019"
"B4P9915",2019,67,10,101,124,8,6,144,85,1,"B4P9915 2019"
"B4P9919",2019,183,8,115,136,7,5,155,99,1,"B4P9919 2019"
"B4P9924",2019,6,10,111,134,10,7,155,85,1,"B4P9924 2019"
"B4P9926",2019,191,10,102,126,9,6,145,85,1,"B4P9926 2019"
"B4P9926",2020,191,9,104,125,9,9,143,84,2,"B4P9926 2020"
"B4P9927",2020,246,12,103,125,12,11,143,91,2,"B4P9927 2020"
"B4P9933",2019,109,10,102,128,10,8,147,85,1,"B4P9933 2019"
"B4P9945",2019,244,12,103,129,12,6,150,78,1,"B4P9945 2019"
"B4P9951",2019,173,7,111,130,7,5,149,99,1,"B4P9951 2019"
"B4P9951",2020,172,8,107,126,8,8,NA,105,2,"B4P9951 2020"
"B4P9965",2020,28,12,104,126,12,5,148,91,2,"B4P9965 2020"
"B4P9969",2020,26,9,103,123,9,9,143,98,2,"B4P9969 2020"
"B4P9971",2019,64,8,105,127,6,4,148,85,1,"B4P9971 2019"
"B4P9977",2019,159,8,116,138,8,6,158,113,1,"B4P9977 2019"
"B4P9991",2019,165,8,112,131,7,5,150,112,1,"B4P9991 2019"
"B4X1001",2020,83,9,107,127,9,9,NA,105,2,"B4X1001 2020"
"B4X1004",2020,116,13,99,124,13,12,143,83,2,"B4X1004 2020"
"B4X1022",2019,211,9,109,131,8,6,151,85,1,"B4X1022 2019"
"B4X1031",2020,130,10,101,123,9,7,143,77,2,"B4X1031 2020"
"B4X1060",2019,145,9,104,128,9,6,148,92,1,"B4X1060 2019"
"B4X1062",2019,177,8,107,129,8,6,150,85,1,"B4X1062 2019"
"B4X1062",2020,175,9,106,127,8,8,NA,105,2,"B4X1062 2020"
"B4X1072",2019,19,9,107,132,9,6,NA,99,1,"B4X1072 2019"
"B4X1073",2019,211,9,109,131,8,6,151,85,1,"B4X1073 2019"
"B4X1073",2020,191,9,104,125,9,9,143,84,2,"B4X1073 2020"
"B4X1093",2019,243,8,102,127,7,5,148,92,1,"B4X1093 2019"
"B4X1093",2020,243,7,103,122,7,7,143,98,2,"B4X1093 2020"
"B4X1096",2019,132,7,104,127,6,4,146,92,1,"B4X1096 2019"
"B4X1096",2020,131,5,126,148,4,4,NA,112,2,"B4X1096 2020"
"B4X1126",2019,249,7,134,151,6,6,NA,113,1,"B4X1126 2019"
"B4X1131",2020,145,10,98,120,10,9,138,77,2,"B4X1131 2020"
"B4X1139",2019,206,10,104,129,8,5,152,85,1,"B4X1139 2019"
"B4X1150",2019,56,10,98,122,10,8,142,78,1,"B4X1150 2019"
"B4X1150",2020,56,11,103,124,11,10,143,84,2,"B4X1150 2020"
"B4X1151",2019,249,7,134,151,6,6,NA,113,1,"B4X1151 2019"
"B4X1151",2020,262,9,105,128,9,9,148,84,2,"B4X1151 2020"
"B4X1181",2020,271,7,105,130,6,6,148,105,2,"B4X1181 2020"
"B4X1183",2019,267,10,104,128,7,5,148,78,1,"B4X1183 2019"
"B4X1190",2019,78,10,100,123,9,7,146,85,1,"B4X1190 2019"
"B4X1207",2019,232,10,103,128,6,4,147,89,1,"B4X1207 2019"
"B4X1213",2020,248,10,104,126,10,10,NA,98,2,"B4X1213 2020"
"B4X1218",2019,112,10,110,131,10,7,151,92,1,"B4X1218 2019"
"B4X1223",2019,149,8,111,135,7,5,155,92,1,"B4X1223 2019"
"B4X1240",2019,125,9,99,124,8,5,143,85,1,"B4X1240 2019"
"B4X1240",2020,99,12,104,126,11,10,NA,84,2,"B4X1240 2020"
"B4X1243",2019,157,6,127,150,2,2,169,111,1,"B4X1243 2019"
"B4X1245",2019,80,11,102,127,11,6,148,99,1,"B4X1245 2019"
"B4X1245",2020,81,10,104,125,10,8,143,103,2,"B4X1245 2020"
"B4X1246",2019,230,6,112,133,6,5,154,112,1,"B4X1246 2019"
"B4X1250",2020,144,11,105,128,3,2,NA,105,2,"B4X1250 2020"
"B4X1267",2019,158,12,103,131,11,5,151,85,1,"B4X1267 2019"
"B4X1267",2020,147,10,106,129,10,1,NA,84,2,"B4X1267 2020"
"B4X1273",2019,78,10,100,123,9,7,146,85,2,"B4X1273 2019"
"B4X1278",2019,59,6,129,149,4,2,NA,127,1,"B4X1278 2019"
"B4X1285",2019,189,10,100,122,9,7,141,78,2,"B4X1285 2019"
"B4X1285",2020,213,8,106,126,7,6,NA,91,2,"B4X1285 2020"
"B4X1306",2019,227,7,111,131,7,5,150,78,1,"B4X1306 2019"
"B4X1324",2019,272,11,111,136,8,6,155,85,1,"B4X1324 2019"
"B4X1324",2020,271,7,105,130,6,6,148,105,2,"B4X1324 2020"
"B4X1327",2019,30,8,118,138,5,4,158,117,1,"B4X1327 2019"
"B4X1340",2019,268,10,101,126,5,3,145,78,1,"B4X1340 2019"
"B4X1354",2020,61,12,103,127,12,12,NA,98,2,"B4X1354 2020"
"B4X1355",2020,197,9,108,128,5,5,148,77,2,"B4X1355 2020"
"B4X1358",2020,216,9,105,128,5,5,148,105,2,"B4X1358 2020"
"B4X1386",2020,2,10,104,123,9,9,143,98,2,"B4X1386 2020"
"B4X1390",2019,100,9,110,NA,2,2,NA,85,1,"B4X1390 2019"
"B4X1392",2019,33,11,110,134,11,9,154,85,1,"B4X1392 2019"
"B4X1401",2020,142,10,102,123,10,9,143,91,2,"B4X1401 2020"
"B4X1404",2020,247,10,105,126,10,10,NA,105,2,"B4X1404 2020"
"B4X1408",2020,251,2,109,134,1,1,NA,77,2,"B4X1408 2020"
"B4X1416",2019,23,7,126,145,6,6,164,126,1,"B4X1416 2019"
"B4X1438",2019,87,7,112,131,7,5,150,85,1,"B4X1438 2019"
"B4X1443",2020,171,10,107,131,7,7,NA,105,2,"B4X1443 2020"
"B4X1456",2019,266,8,108,130,7,5,149,99,1,"B4X1456 2019"
"B4X1456",2020,265,9,105,125,9,9,143,84,2,"B4X1456 2020"
"B4X1460",2019,227,7,111,131,7,5,150,78,1,"B4X1460 2019"
"B4X1460",2020,206,7,110,128,7,6,148,105,2,"B4X1460 2020"
"B4X1463",2019,230,6,112,133,6,5,154,112,1,"B4X1463 2019"
"B4X1463",2020,217,12,104,126,12,10,144,98,2,"B4X1463 2020"
"B4X1473",2019,153,10,108,131,4,2,150,106,1,"B4X1473 2019"
"B4X1499",2019,177,8,107,129,8,6,150,85,1,"B4X1499 2019"
"B4X1501",2020,12,8,113,134,7,6,NA,105,2,"B4X1501 2020"
"B4X1508",2019,228,11,107,134,6,3,153,78,1,"B4X1508 2019"
"B4X1510",2019,209,10,109,130,10,6,151,92,1,"B4X1510 2019"
"B4X1528",2019,99,9,111,132,9,7,152,92,1,"B4X1528 2019"
"B4X1528",2020,69,10,105,125,10,9,143,98,2,"B4X1528 2020"
"B4X1544",2019,229,11,108,133,8,5,154,99,1,"B4X1544 2019"
"B4X1545",2019,209,10,109,130,10,6,151,92,1,"B4X1545 2019"
"B4X1550",2019,61,11,99,124,9,7,NA,85,1,"B4X1550 2019"
"B4X1551",2019,253,11,102,130,7,5,151,78,1,"B4X1551 2019"
"B4X1551",2020,238,8,104,124,8,8,143,98,2,"B4X1551 2020"
"B4X1565",2019,269,10,110,133,10,8,152,78,1,"B4X1565 2019"
"B4X1579",2019,187,8,103,124,8,4,147,78,1,"B4X1579 2019"
"B4X1585",2020,245,10,103,123,9,9,143,91,2,"B4X1585 2020"
"B4X1608",2020,180,8,109,128,8,8,NA,91,2,"B4X1608 2020"
"B4X1615",2019,74,9,109,131,9,7,150,85,1,"B4X1615 2019"
"B4X1615",2020,77,9,107,128,9,8,NA,98,2,"B4X1615 2020"
"B4X1624",2019,132,7,104,127,6,4,146,92,1,"B4X1624 2019"
"B4X1624",2020,131,5,126,148,4,4,NA,112,2,"B4X1624 2020"
"B4X1633",2019,201,10,111,134,8,3,NA,92,1,"B4X1633 2019"
"B4X1641",2020,142,10,102,123,10,9,143,91,2,"B4X1641 2020"
"B4X1659",2019,213,8,108,127,8,1,NA,92,1,"B4X1659 2019"
"B4X1695",2020,80,10,106,127,9,8,148,105,1,"B4X1695 2020"
"B4X1701",2019,13,9,110,133,9,6,153,99,1,"B4X1701 2019"
"B4X1708",2020,243,7,103,122,7,7,143,98,2,"B4X1708 2020"
"B4X1721",2019,229,11,108,133,8,5,154,99,1,"B4X1721 2019"
"B4X1740",2019,269,10,110,133,10,8,152,78,1,"B4X1740 2019"
"B4X1746",2019,45,7,108,127,7,5,147,106,1,"B4X1746 2019"
"B4X1753",2019,126,10,106,127,10,8,148,71,1,"B4X1753 2019"
"B4X1753",2020,96,7,105,126,7,7,NA,84,2,"B4X1753 2020"
"B4X1756",2019,232,10,103,128,6,4,147,89,1,"B4X1756 2019"
"B4X1759",2019,245,13,103,128,12,8,151,92,1,"B4X1759 2019"
"B4X1765",2019,73,12,102,128,12,8,148,92,1,"B4X1765 2019"
"B4X1771",2019,236,11,108,133,11,9,154,99,1,"B4X1771 2019"
"B4X1777",2019,223,7,138,156,7,7,NA,138,1,"B4X1777 2019"
"B4X1778",2019,161,9,108,129,9,7,150,92,2,"B4X1778 2019"
"B4X1782",2019,179,8,107,130,8,5,151,78,1,"B4X1782 2019"
"B4X1782",2020,179,9,106,128,9,8,NA,91,2,"B4X1782 2020"
"B4X1785",2019,41,10,113,135,9,9,154,113,1,"B4X1785 2019"
"B4X1786",2019,277,9,109,131,7,5,150,92,1,"B4X1786 2019"
"B4X1790",2019,122,9,104,129,6,4,148,99,1,"B4X1790 2019"
"B4X1790",2020,100,7,124,142,7,6,NA,124,2,"B4X1790 2020"
"B4X1795",2019,168,10,105,127,10,5,147,99,1,"B4X1795 2019"
"B4X1795",2020,83,9,107,127,9,9,NA,105,2,"B4X1795 2020"
"B4X1800",2020,152,10,105,126,9,9,NA,84,2,"B4X1800 2020"
"B4X1801",2019,2,10,100,123,10,3,142,85,1,"B4X1801 2019"
"B4X1801",2020,34,8,108,127,8,8,NA,105,2,"B4X1801 2020"
"B4X1818",2019,252,8,110,130,8,6,151,85,1,"B4X1818 2019"
"B4X1818",2020,238,8,104,124,8,8,143,98,2,"B4X1818 2020"
"B4X1821",2019,28,12,103,127,12,8,149,85,1,"B4X1821 2019"
"B4X1821",2020,28,12,104,126,12,5,148,91,2,"B4X1821 2020"
"B4X1828",2019,149,8,111,135,7,5,155,92,1,"B4X1828 2019"
"B4X1828",2020,150,9,106,126,9,7,NA,84,2,"B4X1828 2020"
"B4X1829",2019,255,11,109,132,10,8,152,92,1,"B4X1829 2019"
"B4X1829",2020,237,10,105,126,9,9,NA,91,2,"B4X1829 2020"
"B4X1831",2019,68,10,109,131,7,5,151,92,1,"B4X1831 2019"
"B4X1837",2019,90,9,104,125,9,6,146,99,1,"B4X1837 2019"
"B4X1838",2019,40,9,111,134,8,6,153,99,1,"B4X1838 2019"
"B4X1838",2020,6,12,106,130,11,11,NA,98,2,"B4X1838 2020"
"B4X1839",2019,22,10,105,129,10,8,150,78,1,"B4X1839 2019"
"B4X1839",2020,22,10,104,125,9,9,143,77,2,"B4X1839 2020"
"B4X1843",2019,100,9,110,NA,2,2,NA,85,1,"B4X1843 2019"
"B4X1850",2019,15,9,113,134,9,5,155,106,2,"B4X1850 2019"
"B4X1850",2020,18,9,104,124,8,8,143,91,2,"B4X1850 2020"
"B4X1851",2019,22,10,105,129,10,8,150,78,2,"B4X1851 2019"
"B4X1857",2019,215,5,125,143,5,5,162,125,1,"B4X1857 2019"
"B4X1858",2019,218,9,104,126,9,5,147,85,1,"B4X1858 2019"
"B4X1858",2020,196,11,107,128,11,10,NA,91,2,"B4X1858 2020"
"B4X1859",2019,34,7,128,147,7,6,NA,127,1,"B4X1859 2019"
"B4X1860",2019,137,8,108,130,8,5,NA,92,1,"B4X1860 2019"
"B4X1861",2019,172,8,106,127,7,4,147,85,1,"B4X1861 2019"
"B4X1864",2020,68,8,106,124,8,8,143,105,2,"B4X1864 2020"
"B4X1869",2020,33,9,106,126,9,9,NA,105,2,"B4X1869 2020"
"B4X1871",2020,165,9,106,127,9,8,NA,91,2,"B4X1871 2020"
"B4X1872",2020,235,10,104,126,10,9,NA,84,2,"B4X1872 2020"
"B4X1879",2020,250,10,102,123,6,5,143,84,2,"B4X1879 2020"
"B4X1884",2020,1,11,104,125,11,8,143,98,2,"B4X1884 2020"
"B4X1887",2020,51,9,106,126,9,9,NA,98,2,"B4X1887 2020"
"B4X1889",2020,114,9,104,123,7,4,NA,91,2,"B4X1889 2020"
"B4X1890",2020,86,11,104,126,11,10,NA,84,2,"B4X1890 2020"
"B4X1892",2020,241,10,104,124,10,10,143,84,2,"B4X1892 2020"
"B4X1893",2020,193,9,106,127,9,9,NA,105,2,"B4X1893 2020"
"B4X1894",2020,112,11,104,126,11,11,NA,84,2,"B4X1894 2020"
"B4X1898",2020,51,9,106,126,9,9,NA,98,2,"B4X1898 2020"
"B4X1899",2020,80,10,106,127,9,8,148,105,2,"B4X1899 2020"
"B4X1912",2020,144,11,105,128,3,2,NA,105,1,"B4X1912 2020"
"B4X1994",2020,220,11,104,125,10,8,143,98,1,"B4X1994 2020"
"B4X8004",2020,129,8,104,124,8,8,143,91,1,"B4X8004 2020"
"B4X8006",2020,64,10,105,126,8,8,NA,84,1,"B4X8006 2020"
"B4X8009",2020,196,11,107,128,11,10,NA,91,1,"B4X8009 2020"
"B4X8017",2020,150,9,106,126,9,7,NA,84,1,"B4X8017 2020"
"B4X8028",2020,180,8,109,128,8,8,NA,91,1,"B4X8028 2020"
"B4X8036",2020,41,11,105,127,11,11,NA,105,2,"B4X8036 2020"
"B4X8049",2020,160,10,104,128,7,7,NA,91,1,"B4X8049 2020"
"B4X8151",2020,40,10,106,127,10,8,NA,105,1,"B4X8151 2020"
"B4X8193",2020,156,10,104,125,7,5,143,77,1,"B4X8193 2020"
"B4X8236",2020,113,7,118,135,7,5,155,118,1,"B4X8236 2020"
"B4X8239",2020,273,11,103,126,11,11,NA,98,1,"B4X8239 2020"
"B4X8265",2020,147,10,106,129,10,1,NA,84,1,"B4X8265 2020"
"B4X8296",2020,112,11,104,126,11,11,NA,84,1,"B4X8296 2020"
"B4X8319",2020,114,9,104,123,7,4,NA,91,1,"B4X8319 2020"
"B4X8349",2020,170,10,104,124,10,8,143,84,1,"B4X8349 2020"
"B4X8372",2020,117,8,105,124,7,7,143,77,1,"B4X8372 2020"
"B4X8402",2020,140,10,103,123,10,9,143,103,1,"B4X8402 2020"
"B4X8450",2020,178,8,107,128,8,8,NA,105,1,"B4X8450 2020"
"B4X8486",2020,47,9,103,122,6,6,143,91,1,"B4X8486 2020"
"B4X8524",2020,235,10,104,126,10,9,NA,84,1,"B4X8524 2020"
"B4X8530",2020,86,11,104,126,11,10,NA,84,1,"B4X8530 2020"
"B4X8535",2020,98,7,104,125,7,5,143,84,1,"B4X8535 2020"
"B4X8570",2020,265,9,105,125,9,9,143,84,1,"B4X8570 2020"
"B4X8581",2020,21,9,103,123,8,8,143,84,1,"B4X8581 2020"
"B4X8586",2020,154,8,106,126,8,8,NA,98,1,"B4X8586 2020"
"B4X8723",2020,75,11,108,130,6,6,NA,105,1,"B4X8723 2020"
"B4X8785",2020,17,8,109,131,8,7,152,105,1,"B4X8785 2020"
"B4X8813",2020,56,11,103,124,11,10,143,84,1,"B4X8813 2020"
"B4X8814",2020,250,10,102,123,6,5,143,84,1,"B4X8814 2020"
"B4X8819",2020,277,9,107,127,9,8,NA,105,1,"B4X8819 2020"
"B4X8826",2020,99,12,104,126,11,10,NA,84,1,"B4X8826 2020"
"B4X8829",2020,17,8,109,131,8,7,152,105,1,"B4X8829 2020"
"B4X8833",2020,25,8,110,132,8,2,NA,91,1,"B4X8833 2020"
"B4X8834",2020,88,9,109,130,9,9,NA,98,1,"B4X8834 2020"
"B4X8835",2020,29,7,103,126,5,5,NA,84,1,"B4X8835 2020"
"B4X8837",2020,47,9,103,122,6,6,143,91,1,"B4X8837 2020"
"B4X8838",2020,18,9,104,124,8,8,143,91,1,"B4X8838 2020"
"B4X8839",2020,256,8,104,123,8,8,143,77,1,"B4X8839 2020"
"B4X8841",2020,224,10,108,130,10,7,148,84,2,"B4X8841 2020"
"B4X8843",2020,267,8,107,128,8,5,148,105,1,"B4X8843 2020"
"B4X8850",2020,98,7,104,125,7,5,143,84,1,"B4X8850 2020"
"B4X8852",2020,152,10,105,126,9,9,NA,84,1,"B4X8852 2020"
"B4X8855",2020,41,11,105,127,11,11,NA,105,1,"B4X8855 2020"
"B4X8902",2020,216,9,105,128,5,5,148,105,1,"B4X8902 2020"
"B4X8904",2020,12,8,113,134,7,6,NA,105,1,"B4X8904 2020"
"B4X8905",2020,77,9,107,128,9,8,NA,98,1,"B4X8905 2020"
"B4X8906",2020,182,9,106,127,9,9,NA,105,2,"B4X8906 2020"
