"year_","box","territory"
2007,1,35
2007,2,35
2007,3,4
2007,4,4
2007,5,4
2007,6,31
2007,7,31
2007,8,28
2007,9,28
2007,10,10
2007,11,12
2007,12,12
2007,13,13
2007,14,14
2007,15,14
2007,16,18
2007,17,18
2007,18,18
2007,19,18
2007,20,52
2007,21,52
2007,22,14
2007,23,23
2007,24,23
2007,25,12
2007,26,10
2007,27,28
2007,28,28
2007,29,42
2007,30,31
2007,31,31
2007,32,31
2007,33,38
2007,34,34
2007,35,35
2007,36,36
2007,37,65
2007,38,38
2007,39,38
2007,40,31
2007,41,42
2007,42,42
2007,43,59
2007,44,59
2007,45,59
2007,46,48
2007,47,48
2007,48,48
2007,49,54
2007,50,52
2007,51,52
2007,52,52
2007,53,54
2007,54,54
2007,55,55
2007,56,55
2007,57,77
2007,58,59
2007,59,59
2007,60,73
2007,61,73
2007,62,71
2007,63,31
2007,64,65
2007,65,65
2007,66,66
2007,67,67
2007,68,66
2007,69,65
2007,70,70
2007,71,71
2007,72,71
2007,73,73
2007,74,59
2007,75,88
2007,76,88
2007,77,77
2007,78,55
2007,79,55
2007,80,54
2007,81,81
2007,82,81
2007,83,81
2007,84,81
2007,85,85
2007,86,85
2007,87,77
2007,88,88
2007,89,88
2007,90,73
2007,91,73
2007,92,73
2007,93,93
2007,94,93
2007,95,70
2007,96,98
2007,97,67
2007,98,98
2007,99,98
2007,100,123
2007,101,122
2007,102,93
2007,103,73
2007,104,73
2007,105,118
2007,106,88
2007,107,116
2007,108,108
2007,109,108
2007,110,111
2007,111,111
2007,112,111
2007,113,111
2007,114,108
2007,115,108
2007,116,116
2007,117,116
2007,118,118
2007,119,118
2007,120,129
2007,121,129
2007,122,122
2007,123,123
2007,124,123
2007,125,126
2007,126,126
2007,127,151
2007,128,123
2007,129,129
2007,130,129
2007,131,147
2007,132,118
2007,133,133
2007,134,143
2007,135,143
2007,136,116
2007,137,140
2007,138,140
2007,139,165
2007,140,140
2007,141,140
2007,142,143
2007,143,143
2007,144,133
2007,145,145
2007,146,145
2007,147,147
2007,148,156
2007,149,129
2007,150,151
2007,151,151
2007,152,151
2007,153,153
2007,154,153
2007,155,155
2007,156,156
2007,157,156
2007,158,173
2007,159,145
2007,160,145
2007,161,161
2007,162,162
2007,163,164
2007,164,164
2007,165,165
2007,166,165
2007,167,167
2007,168,167
2007,169,161
2007,170,170
2007,171,170
2007,172,182
2007,173,173
2007,174,173
2007,175,155
2007,176,155
2007,177,177
2007,178,178
2007,179,178
2007,180,199
2007,181,198
2007,182,182
2007,183,182
2007,184,170
2007,185,170
2007,186,167
2007,187,167
2007,188,167
2007,189,165
2007,190,213
2007,191,211
2007,192,211
2007,193,209
2007,194,208
2007,195,208
2007,196,206
2007,197,206
2007,198,198
2007,199,199
2007,200,199
2007,201,178
2007,202,202
2007,203,224
2007,204,204
2007,205,205
2007,206,206
2007,207,219
2007,208,208
2007,209,209
2007,210,211
2007,211,211
2007,212,213
2007,213,213
2007,214,213
2007,215,216
2007,216,216
2007,217,209
2007,218,231
2007,219,219
2007,220,220
2007,221,220
2007,222,204
2007,223,204
2007,224,224
2007,225,245
2007,226,245
2007,227,220
2007,228,220
2007,229,229
2007,230,219
2007,231,231
2007,232,238
2007,233,216
2007,234,236
2007,235,236
2007,236,236
2007,237,236
2007,238,238
2007,239,238
2007,240,231
2007,241,229
2007,242,229
2007,243,229
2007,244,245
2007,245,245
2007,246,245
2007,247,265
2007,248,263
2007,249,263
2007,250,250
2007,251,250
2007,252,252
2007,253,258
2007,254,258
2007,255,236
2007,256,236
2007,257,258
2007,258,258
2007,259,260
2007,260,260
2007,261,260
2007,262,262
2007,263,263
2007,264,265
2007,265,265
2007,266,275
2007,267,275
2007,268,263
2007,269,262
2007,270,258
2007,271,258
2007,272,258
2007,273,258
2007,274,274
2007,275,275
2007,276,276
2007,277,277
2008,1,1
2008,2,1
2008,3,3
2008,4,5
2008,5,5
2008,6,6
2008,7,7
2008,8,8
2008,9,9
2008,10,9
2008,11,11
2008,12,12
2008,13,14
2008,14,14
2008,15,21
2008,16,21
2008,17,18
2008,18,18
2008,19,18
2008,20,21
2008,21,21
2008,22,49
2008,23,24
2008,24,24
2008,25,24
2008,26,27
2008,27,27
2008,28,28
2008,29,41
2008,30,41
2008,31,32
2008,32,32
2008,33,33
2008,34,34
2008,35,35
2008,36,36
2008,37,33
2008,38,33
2008,39,39
2008,40,40
2008,41,41
2008,42,41
2008,43,43
2008,44,27
2008,45,57
2008,46,57
2008,47,24
2008,48,49
2008,49,49
2008,50,21
2008,51,21
2008,52,21
2008,53,49
2008,54,80
2008,55,56
2008,56,56
2008,57,57
2008,58,57
2008,59,43
2008,60,43
2008,61,62
2008,62,62
2008,63,63
2008,64,64
2008,65,64
2008,66,36
2008,67,68
2008,68,68
2008,69,64
2008,70,64
2008,71,71
2008,72,71
2008,73,74
2008,74,74
2008,75,75
2008,76,75
2008,77,107
2008,78,56
2008,79,80
2008,80,80
2008,81,84
2008,82,84
2008,83,84
2008,84,84
2008,85,85
2008,86,85
2008,87,108
2008,88,106
2008,89,75
2008,90,75
2008,91,74
2008,92,104
2008,93,71
2008,94,71
2008,95,100
2008,96,98
2008,97,68
2008,98,98
2008,99,98
2008,100,100
2008,101,101
2008,102,101
2008,103,104
2008,104,104
2008,105,104
2008,106,106
2008,107,107
2008,108,108
2008,109,108
2008,110,84
2008,111,84
2008,112,139
2008,113,114
2008,114,114
2008,115,114
2008,116,116
2008,117,106
2008,118,106
2008,119,104
2008,120,104
2008,121,121
2008,122,129
2008,123,101
2008,124,100
2008,125,125
2008,126,152
2008,127,152
2008,128,149
2008,129,129
2008,130,129
2008,131,121
2008,132,104
2008,133,134
2008,134,134
2008,135,116
2008,136,114
2008,137,114
2008,138,139
2008,139,139
2008,140,140
2008,141,140
2008,142,140
2008,143,134
2008,144,134
2008,145,160
2008,146,158
2008,147,158
2008,148,149
2008,149,149
2008,150,149
2008,151,152
2008,152,152
2008,153,153
2008,154,176
2008,155,176
2008,156,156
2008,157,157
2008,158,158
2008,159,158
2008,160,160
2008,161,161
2008,162,169
2008,163,140
2008,164,140
2008,165,166
2008,166,166
2008,167,188
2008,168,169
2008,169,169
2008,170,161
2008,171,160
2008,172,158
2008,173,158
2008,174,157
2008,175,156
2008,176,176
2008,177,153
2008,178,178
2008,179,179
2008,180,179
2008,181,197
2008,182,158
2008,183,197
2008,184,195
2008,185,169
2008,186,193
2008,187,188
2008,188,188
2008,189,188
2008,190,213
2008,191,188
2008,192,210
2008,193,193
2008,194,193
2008,195,195
2008,196,195
2008,197,197
2008,198,197
2008,199,200
2008,200,200
2008,201,178
2008,202,200
2008,203,200
2008,204,223
2008,205,197
2008,206,206
2008,207,208
2008,208,208
2008,209,193
2008,210,210
2008,211,215
2008,212,215
2008,213,213
2008,214,213
2008,215,215
2008,216,215
2008,217,231
2008,218,231
2008,219,220
2008,220,220
2008,221,220
2008,222,223
2008,223,223
2008,224,225
2008,225,225
2008,226,226
2008,227,227
2008,228,220
2008,229,220
2008,230,240
2008,231,231
2008,232,238
2008,233,215
2008,234,215
2008,235,213
2008,236,215
2008,237,238
2008,238,238
2008,239,238
2008,240,240
2008,241,251
2008,242,242
2008,243,243
2008,244,226
2008,245,225
2008,246,246
2008,247,246
2008,248,243
2008,249,243
2008,250,251
2008,251,251
2008,252,252
2008,253,238
2008,254,238
2008,255,256
2008,256,256
2008,257,270
2008,258,270
2008,259,259
2008,260,260
2008,261,260
2008,262,269
2008,263,264
2008,264,264
2008,265,264
2008,266,266
2008,267,267
2008,268,269
2008,269,269
2008,270,270
2008,271,270
2008,272,256
2008,273,256
2008,274,276
2008,275,266
2008,276,276
2008,277,276
2009,1,1
2009,2,1
2009,3,34
2009,4,31
2009,5,31
2009,6,6
2009,7,30
2009,8,30
2009,9,27
2009,10,10
2009,11,11
2009,12,11
2009,13,48
2009,14,48
2009,15,21
2009,16,21
2009,17,17
2009,18,17
2009,19,17
2009,20,21
2009,21,21
2009,22,48
2009,23,48
2009,24,25
2009,25,25
2009,26,25
2009,27,27
2009,28,27
2009,29,42
2009,30,30
2009,31,31
2009,32,31
2009,33,34
2009,34,34
2009,35,34
2009,36,34
2009,37,34
2009,38,39
2009,39,39
2009,40,39
2009,41,42
2009,42,42
2009,43,60
2009,44,27
2009,45,25
2009,46,25
2009,47,48
2009,48,48
2009,49,21
2009,50,21
2009,51,82
2009,52,82
2009,53,21
2009,54,48
2009,55,79
2009,56,79
2009,57,25
2009,58,59
2009,59,59
2009,60,60
2009,61,42
2009,62,42
2009,63,39
2009,64,64
2009,65,64
2009,66,34
2009,67,97
2009,68,97
2009,69,64
2009,70,64
2009,71,39
2009,72,102
2009,73,60
2009,74,60
2009,75,89
2009,76,89
2009,77,77
2009,78,79
2009,79,79
2009,80,79
2009,81,82
2009,82,82
2009,83,82
2009,84,82
2009,85,86
2009,86,86
2009,87,77
2009,88,106
2009,89,89
2009,90,104
2009,91,104
2009,92,102
2009,93,102
2009,94,102
2009,95,64
2009,96,97
2009,97,97
2009,98,125
2009,99,125
2009,100,125
2009,101,102
2009,102,102
2009,103,104
2009,104,104
2009,105,89
2009,106,106
2009,107,106
2009,108,86
2009,109,86
2009,110,86
2009,111,82
2009,112,139
2009,113,114
2009,114,114
2009,115,114
2009,116,143
2009,117,106
2009,118,106
2009,119,104
2009,120,104
2009,121,102
2009,122,128
2009,123,128
2009,124,125
2009,125,125
2009,126,127
2009,127,127
2009,128,128
2009,129,128
2009,130,157
2009,131,145
2009,132,145
2009,133,145
2009,134,143
2009,135,143
2009,136,114
2009,137,114
2009,138,139
2009,139,139
2009,140,142
2009,141,142
2009,142,142
2009,143,143
2009,144,143
2009,145,145
2009,146,145
2009,147,157
2009,148,157
2009,149,128
2009,150,128
2009,151,127
2009,152,127
2009,153,127
2009,154,155
2009,155,155
2009,156,157
2009,157,157
2009,158,182
2009,159,145
2009,160,145
2009,161,170
2009,162,162
2009,163,142
2009,164,167
2009,165,139
2009,166,167
2009,167,167
2009,168,186
2009,169,170
2009,170,170
2009,171,170
2009,172,182
2009,173,182
2009,174,157
2009,175,155
2009,176,155
2009,177,178
2009,178,178
2009,179,178
2009,180,155
2009,181,182
2009,182,182
2009,183,182
2009,184,170
2009,185,170
2009,186,186
2009,187,167
2009,188,191
2009,189,191
2009,190,191
2009,191,191
2009,192,191
2009,193,186
2009,194,186
2009,195,207
2009,196,207
2009,197,206
2009,198,222
2009,199,222
2009,200,178
2009,201,178
2009,202,224
2009,203,224
2009,204,222
2009,205,222
2009,206,206
2009,207,207
2009,208,207
2009,209,217
2009,210,211
2009,211,211
2009,212,211
2009,213,234
2009,214,234
2009,215,211
2009,216,211
2009,217,217
2009,218,217
2009,219,207
2009,220,206
2009,221,206
2009,222,222
2009,223,222
2009,224,224
2009,225,225
2009,226,222
2009,227,222
2009,228,242
2009,229,242
2009,230,217
2009,231,217
2009,232,217
2009,233,234
2009,234,234
2009,235,236
2009,236,236
2009,237,236
2009,238,254
2009,239,254
2009,240,242
2009,241,242
2009,242,242
2009,243,242
2009,244,247
2009,245,245
2009,246,247
2009,247,247
2009,248,247
2009,249,263
2009,250,261
2009,251,261
2009,252,261
2009,253,258
2009,254,254
2009,255,254
2009,256,256
2009,257,258
2009,258,258
2009,259,258
2009,260,261
2009,261,261
2009,262,261
2009,263,263
2009,264,263
2009,265,247
2009,266,247
2009,267,263
2009,268,263
2009,269,261
2009,270,258
2009,271,258
2009,272,256
2009,273,256
2009,274,263
2009,275,277
2009,276,277
2009,277,277
2010,1,1
2010,2,1
2010,3,3
2010,4,4
2010,5,4
2010,6,31
2010,7,7
2010,8,28
2010,9,28
2010,10,10
2010,11,11
2010,12,11
2010,13,47
2010,14,47
2010,15,50
2010,16,50
2010,17,50
2010,18,50
2010,19,50
2010,20,50
2010,21,50
2010,22,54
2010,23,47
2010,24,47
2010,25,45
2010,26,44
2010,27,44
2010,28,28
2010,29,28
2010,30,7
2010,31,31
2010,32,32
2010,33,33
2010,34,36
2010,35,36
2010,36,36
2010,37,33
2010,38,33
2010,39,63
2010,40,63
2010,41,63
2010,42,28
2010,43,59
2010,44,44
2010,45,45
2010,46,47
2010,47,47
2010,48,47
2010,49,54
2010,50,50
2010,51,50
2010,52,50
2010,53,54
2010,54,54
2010,55,55
2010,56,55
2010,57,45
2010,58,45
2010,59,59
2010,60,73
2010,61,73
2010,62,72
2010,63,63
2010,64,64
2010,65,64
2010,66,36
2010,67,98
2010,68,36
2010,69,95
2010,70,64
2010,71,72
2010,72,72
2010,73,73
2010,74,59
2010,75,75
2010,76,75
2010,77,77
2010,78,78
2010,79,55
2010,80,54
2010,81,81
2010,82,81
2010,83,81
2010,84,81
2010,85,85
2010,86,85
2010,87,77
2010,88,106
2010,89,75
2010,90,75
2010,91,73
2010,92,72
2010,93,72
2010,94,72
2010,95,95
2010,96,95
2010,97,98
2010,98,98
2010,99,99
2010,100,99
2010,101,123
2010,102,72
2010,103,120
2010,104,120
2010,105,75
2010,106,106
2010,107,116
2010,108,109
2010,109,109
2010,110,110
2010,111,110
2010,112,138
2010,113,137
2010,114,137
2010,115,135
2010,116,116
2010,117,106
2010,118,118
2010,119,120
2010,120,120
2010,121,129
2010,122,129
2010,123,123
2010,124,123
2010,125,125
2010,126,126
2010,127,126
2010,128,150
2010,129,129
2010,130,129
2010,131,120
2010,132,118
2010,133,144
2010,134,134
2010,135,135
2010,136,135
2010,137,137
2010,138,138
2010,139,138
2010,140,137
2010,141,142
2010,142,142
2010,143,135
2010,144,144
2010,145,146
2010,146,146
2010,147,147
2010,148,129
2010,149,129
2010,150,150
2010,151,153
2010,152,126
2010,153,153
2010,154,154
2010,155,155
2010,156,155
2010,157,147
2010,158,172
2010,159,172
2010,160,160
2010,161,169
2010,162,162
2010,163,142
2010,164,167
2010,165,165
2010,166,165
2010,167,167
2010,168,167
2010,169,169
2010,170,169
2010,171,160
2010,172,172
2010,173,182
2010,174,180
2010,175,155
2010,176,155
2010,177,177
2010,178,201
2010,179,180
2010,180,180
2010,181,198
2010,182,182
2010,183,182
2010,184,195
2010,185,169
2010,186,169
2010,187,167
2010,188,188
2010,189,188
2010,190,212
2010,191,188
2010,192,188
2010,193,195
2010,194,195
2010,195,195
2010,196,195
2010,197,198
2010,198,198
2010,199,199
2010,200,201
2010,201,201
2010,202,202
2010,203,202
2010,204,204
2010,205,198
2010,206,220
2010,207,195
2010,208,195
2010,209,195
2010,210,216
2010,211,215
2010,212,212
2010,213,214
2010,214,214
2010,215,215
2010,216,216
2010,217,231
2010,218,231
2010,219,230
2010,220,220
2010,221,228
2010,222,222
2010,223,223
2010,224,202
2010,225,245
2010,226,226
2010,227,226
2010,228,228
2010,229,230
2010,230,230
2010,231,231
2010,232,232
2010,233,216
2010,234,215
2010,235,235
2010,236,235
2010,237,238
2010,238,238
2010,239,239
2010,240,230
2010,241,230
2010,242,250
2010,243,248
2010,244,244
2010,245,245
2010,246,246
2010,247,247
2010,248,248
2010,249,248
2010,250,250
2010,251,250
2010,252,252
2010,253,238
2010,254,255
2010,255,255
2010,256,255
2010,257,271
2010,258,271
2010,259,252
2010,260,252
2010,261,250
2010,262,262
2010,263,263
2010,264,265
2010,265,265
2010,266,266
2010,267,267
2010,268,268
2010,269,268
2010,270,271
2010,271,271
2010,272,273
2010,273,273
2010,274,276
2010,275,275
2010,276,276
2010,277,277
2011,1,35
2011,2,35
2011,3,35
2011,4,5
2011,5,5
2011,6,6
2011,7,7
2011,8,28
2011,9,28
2011,10,11
2011,11,11
2011,12,11
2011,13,14
2011,14,14
2011,15,14
2011,16,17
2011,17,17
2011,18,17
2011,19,17
2011,20,17
2011,21,14
2011,22,14
2011,23,48
2011,24,11
2011,25,11
2011,26,11
2011,27,28
2011,28,28
2011,29,41
2011,30,30
2011,31,6
2011,32,38
2011,33,38
2011,34,35
2011,35,35
2011,36,36
2011,37,38
2011,38,38
2011,39,38
2011,40,41
2011,41,41
2011,42,41
2011,43,43
2011,44,43
2011,45,11
2011,46,56
2011,47,48
2011,48,48
2011,49,48
2011,50,80
2011,51,17
2011,52,80
2011,53,80
2011,54,80
2011,55,56
2011,56,56
2011,57,56
2011,58,43
2011,59,43
2011,60,43
2011,61,41
2011,62,41
2011,63,71
2011,64,64
2011,65,64
2011,66,36
2011,67,68
2011,68,68
2011,69,64
2011,70,70
2011,71,71
2011,72,71
2011,73,103
2011,74,43
2011,75,88
2011,76,88
2011,77,87
2011,78,56
2011,79,80
2011,80,80
2011,81,80
2011,82,111
2011,83,111
2011,84,111
2011,85,80
2011,86,108
2011,87,87
2011,88,88
2011,89,88
2011,90,103
2011,91,103
2011,92,102
2011,93,71
2011,94,71
2011,95,96
2011,96,96
2011,97,96
2011,98,125
2011,99,96
2011,100,101
2011,101,101
2011,102,102
2011,103,103
2011,104,103
2011,105,120
2011,106,88
2011,107,87
2011,108,108
2011,109,108
2011,110,111
2011,111,111
2011,112,111
2011,113,114
2011,114,114
2011,115,114
2011,116,134
2011,117,134
2011,118,145
2011,119,120
2011,120,120
2011,121,120
2011,122,101
2011,123,101
2011,124,101
2011,125,125
2011,126,152
2011,127,151
2011,128,149
2011,129,149
2011,130,120
2011,131,120
2011,132,146
2011,133,145
2011,134,134
2011,135,143
2011,136,114
2011,137,114
2011,138,114
2011,139,166
2011,140,142
2011,141,142
2011,142,142
2011,143,143
2011,144,134
2011,145,145
2011,146,146
2011,147,146
2011,148,149
2011,149,149
2011,150,149
2011,151,151
2011,152,152
2011,153,153
2011,154,153
2011,155,175
2011,156,175
2011,157,174
2011,158,173
2011,159,146
2011,160,160
2011,161,170
2011,162,142
2011,163,142
2011,164,166
2011,165,166
2011,166,166
2011,167,187
2011,168,168
2011,169,170
2011,170,170
2011,171,160
2011,172,173
2011,173,173
2011,174,174
2011,175,175
2011,176,175
2011,177,177
2011,178,179
2011,179,179
2011,180,174
2011,181,174
2011,182,173
2011,183,173
2011,184,170
2011,185,170
2011,186,186
2011,187,187
2011,188,189
2011,189,189
2011,190,189
2011,191,211
2011,192,187
2011,193,186
2011,194,208
2011,195,208
2011,196,208
2011,197,198
2011,198,198
2011,199,198
2011,200,200
2011,201,200
2011,202,224
2011,203,224
2011,204,205
2011,205,205
2011,206,221
2011,207,219
2011,208,208
2011,209,217
2011,210,211
2011,211,211
2011,212,211
2011,213,234
2011,214,234
2011,215,211
2011,216,211
2011,217,217
2011,218,217
2011,219,219
2011,220,221
2011,221,221
2011,222,226
2011,223,226
2011,224,224
2011,225,224
2011,226,226
2011,227,226
2011,228,221
2011,229,242
2011,230,219
2011,231,240
2011,232,217
2011,233,234
2011,234,234
2011,235,236
2011,236,236
2011,237,236
2011,238,254
2011,239,240
2011,240,240
2011,241,240
2011,242,242
2011,243,242
2011,244,244
2011,245,246
2011,246,246
2011,247,247
2011,248,244
2011,249,262
2011,250,261
2011,251,261
2011,252,240
2011,253,254
2011,254,254
2011,255,254
2011,256,257
2011,257,257
2011,258,257
2011,259,259
2011,260,261
2011,261,261
2011,262,262
2011,263,267
2011,264,247
2011,265,247
2011,266,266
2011,267,267
2011,268,262
2011,269,262
2011,270,257
2011,271,257
2011,272,273
2011,273,273
2011,274,267
2011,275,266
2011,276,277
2011,277,277
2012,1,1
2012,2,1
2012,3,3
2012,4,4
2012,5,5
2012,6,6
2012,7,8
2012,8,8
2012,9,9
2012,10,9
2012,11,11
2012,12,12
2012,13,13
2012,14,22
2012,15,22
2012,16,17
2012,17,17
2012,18,18
2012,19,18
2012,20,52
2012,21,22
2012,22,22
2012,23,23
2012,24,24
2012,25,24
2012,26,26
2012,27,27
2012,28,28
2012,29,29
2012,30,41
2012,31,32
2012,32,32
2012,33,33
2012,34,35
2012,35,35
2012,36,66
2012,37,33
2012,38,33
2012,39,39
2012,40,41
2012,41,41
2012,42,42
2012,43,43
2012,44,26
2012,45,58
2012,46,57
2012,47,48
2012,48,48
2012,49,22
2012,50,53
2012,51,52
2012,52,52
2012,53,53
2012,54,54
2012,55,80
2012,56,78
2012,57,57
2012,58,58
2012,59,59
2012,60,73
2012,61,61
2012,62,61
2012,63,39
2012,64,64
2012,65,64
2012,66,66
2012,67,67
2012,68,66
2012,69,69
2012,70,94
2012,71,94
2012,72,72
2012,73,73
2012,74,59
2012,75,75
2012,76,76
2012,77,76
2012,78,78
2012,79,78
2012,80,80
2012,81,84
2012,82,52
2012,83,84
2012,84,84
2012,85,85
2012,86,85
2012,87,108
2012,88,76
2012,89,75
2012,90,75
2012,91,73
2012,92,102
2012,93,94
2012,94,94
2012,95,69
2012,96,69
2012,97,67
2012,98,125
2012,99,99
2012,100,100
2012,101,101
2012,102,102
2012,103,103
2012,104,104
2012,105,119
2012,106,107
2012,107,107
2012,108,108
2012,109,108
2012,110,110
2012,111,110
2012,112,137
2012,113,137
2012,114,137
2012,115,136
2012,116,116
2012,117,107
2012,118,133
2012,119,119
2012,120,120
2012,121,122
2012,122,122
2012,123,124
2012,124,124
2012,125,125
2012,126,126
2012,127,127
2012,128,127
2012,129,122
2012,130,120
2012,131,119
2012,132,119
2012,133,133
2012,134,134
2012,135,136
2012,136,136
2012,137,137
2012,138,137
2012,139,139
2012,140,164
2012,141,141
2012,142,141
2012,143,134
2012,144,134
2012,145,145
2012,146,145
2012,147,147
2012,148,156
2012,149,156
2012,150,127
2012,151,127
2012,152,152
2012,153,153
2012,154,176
2012,155,155
2012,156,156
2012,157,157
2012,158,147
2012,159,159
2012,160,160
2012,161,161
2012,162,162
2012,163,163
2012,164,164
2012,165,165
2012,166,165
2012,167,167
2012,168,186
2012,169,161
2012,170,170
2012,171,160
2012,172,159
2012,173,182
2012,174,174
2012,175,175
2012,176,176
2012,177,177
2012,178,178
2012,179,180
2012,180,180
2012,181,181
2012,182,182
2012,183,183
2012,184,170
2012,185,170
2012,186,186
2012,187,167
2012,188,191
2012,189,189
2012,190,189
2012,191,191
2012,192,192
2012,193,193
2012,194,193
2012,195,195
2012,196,183
2012,197,206
2012,198,199
2012,199,199
2012,200,203
2012,201,201
2012,202,202
2012,203,203
2012,204,223
2012,205,221
2012,206,206
2012,207,207
2012,208,208
2012,209,193
2012,210,192
2012,211,216
2012,212,214
2012,213,214
2012,214,214
2012,215,216
2012,216,216
2012,217,218
2012,218,218
2012,219,230
2012,220,220
2012,221,221
2012,222,223
2012,223,223
2012,224,224
2012,225,225
2012,226,226
2012,227,227
2012,228,221
2012,229,230
2012,230,230
2012,231,218
2012,232,232
2012,233,233
2012,234,234
2012,235,235
2012,236,234
2012,237,254
2012,238,239
2012,239,239
2012,240,240
2012,241,251
2012,242,242
2012,243,242
2012,244,248
2012,245,225
2012,246,247
2012,247,247
2012,248,248
2012,249,248
2012,250,250
2012,251,251
2012,252,252
2012,253,253
2012,254,254
2012,255,255
2012,256,256
2012,257,257
2012,258,258
2012,259,259
2012,260,261
2012,261,261
2012,262,269
2012,263,268
2012,264,265
2012,265,265
2012,266,266
2012,267,267
2012,268,268
2012,269,269
2012,270,258
2012,271,257
2012,272,272
2012,273,273
2012,274,274
2012,275,266
2012,276,276
2012,277,276
2013,1,1
2013,2,2
2013,3,4
2013,4,4
2013,5,4
2013,6,6
2013,7,30
2013,8,8
2013,9,8
2013,10,10
2013,11,11
2013,12,11
2013,13,13
2013,14,22
2013,15,15
2013,16,16
2013,17,18
2013,18,18
2013,19,51
2013,20,21
2013,21,21
2013,22,22
2013,23,13
2013,24,47
2013,25,26
2013,26,26
2013,27,44
2013,28,29
2013,29,29
2013,30,30
2013,31,31
2013,32,32
2013,33,38
2013,34,34
2013,35,35
2013,36,35
2013,37,65
2013,38,38
2013,39,38
2013,40,62
2013,41,41
2013,42,29
2013,43,43
2013,44,44
2013,45,26
2013,46,47
2013,47,47
2013,48,47
2013,49,49
2013,50,50
2013,51,51
2013,52,51
2013,53,50
2013,54,49
2013,55,55
2013,56,55
2013,57,47
2013,58,44
2013,59,43
2013,60,43
2013,61,61
2013,62,62
2013,63,62
2013,64,65
2013,65,65
2013,66,34
2013,67,98
2013,68,65
2013,69,95
2013,70,70
2013,71,71
2013,72,71
2013,73,61
2013,74,75
2013,75,75
2013,76,89
2013,77,77
2013,78,55
2013,79,55
2013,80,55
2013,81,81
2013,82,82
2013,83,82
2013,84,81
2013,85,85
2013,86,85
2013,87,77
2013,88,77
2013,89,89
2013,90,75
2013,91,75
2013,92,61
2013,93,94
2013,94,94
2013,95,95
2013,96,95
2013,97,98
2013,98,98
2013,99,95
2013,100,94
2013,101,122
2013,102,122
2013,103,105
2013,104,105
2013,105,105
2013,106,89
2013,107,77
2013,108,85
2013,109,85
2013,110,111
2013,111,111
2013,112,111
2013,113,111
2013,114,136
2013,115,136
2013,116,136
2013,117,89
2013,118,119
2013,119,119
2013,120,119
2013,121,129
2013,122,122
2013,123,127
2013,124,127
2013,125,98
2013,126,127
2013,127,127
2013,128,127
2013,129,129
2013,130,148
2013,131,119
2013,132,119
2013,133,145
2013,134,145
2013,135,136
2013,136,136
2013,137,136
2013,138,140
2013,139,165
2013,140,140
2013,141,140
2013,142,163
2013,143,136
2013,144,145
2013,145,145
2013,146,145
2013,147,158
2013,148,148
2013,149,129
2013,150,127
2013,151,151
2013,152,151
2013,153,151
2013,154,154
2013,155,155
2013,156,155
2013,157,148
2013,158,158
2013,159,172
2013,160,145
2013,161,169
2013,162,169
2013,163,163
2013,164,140
2013,165,165
2013,166,165
2013,167,187
2013,168,187
2013,169,169
2013,170,169
2013,171,172
2013,172,172
2013,173,158
2013,174,181
2013,175,155
2013,176,155
2013,177,154
2013,178,178
2013,179,179
2013,180,179
2013,181,181
2013,182,172
2013,183,183
2013,184,183
2013,185,169
2013,186,187
2013,187,187
2013,188,188
2013,189,188
2013,190,188
2013,191,188
2013,192,187
2013,193,209
2013,194,208
2013,195,208
2013,196,196
2013,197,196
2013,198,199
2013,199,199
2013,200,199
2013,201,178
2013,202,202
2013,203,224
2013,204,204
2013,205,204
2013,206,221
2013,207,219
2013,208,208
2013,209,209
2013,210,211
2013,211,211
2013,212,215
2013,213,215
2013,214,215
2013,215,215
2013,216,215
2013,217,209
2013,218,231
2013,219,219
2013,220,221
2013,221,221
2013,222,222
2013,223,222
2013,224,224
2013,225,225
2013,226,222
2013,227,243
2013,228,221
2013,229,219
2013,230,219
2013,231,231
2013,232,238
2013,233,215
2013,234,236
2013,235,236
2013,236,236
2013,237,236
2013,238,238
2013,239,239
2013,240,240
2013,241,251
2013,242,243
2013,243,243
2013,244,245
2013,245,245
2013,246,245
2013,247,264
2013,248,249
2013,249,249
2013,250,251
2013,251,251
2013,252,252
2013,253,253
2013,254,253
2013,255,236
2013,256,272
2013,257,271
2013,258,258
2013,259,260
2013,260,260
2013,261,260
2013,262,262
2013,263,264
2013,264,264
2013,265,264
2013,266,275
2013,267,275
2013,268,262
2013,269,262
2013,270,271
2013,271,271
2013,272,272
2013,273,272
2013,274,274
2013,275,275
2013,276,275
2013,277,275
2014,1,36
2014,2,36
2014,3,32
2014,4,32
2014,5,32
2014,6,32
2014,7,29
2014,8,28
2014,9,28
2014,10,10
2014,11,10
2014,12,26
2014,13,22
2014,14,22
2014,15,21
2014,16,21
2014,17,17
2014,18,17
2014,19,17
2014,20,21
2014,21,21
2014,22,22
2014,23,22
2014,24,46
2014,25,46
2014,26,26
2014,27,44
2014,28,28
2014,29,29
2014,30,29
2014,31,32
2014,32,32
2014,33,38
2014,34,36
2014,35,36
2014,36,36
2014,37,38
2014,38,38
2014,39,63
2014,40,63
2014,41,29
2014,42,29
2014,43,44
2014,44,44
2014,45,26
2014,46,46
2014,47,46
2014,48,48
2014,49,22
2014,50,50
2014,51,50
2014,52,50
2014,53,50
2014,54,55
2014,55,55
2014,56,55
2014,57,46
2014,58,44
2014,59,44
2014,60,28
2014,61,62
2014,62,62
2014,63,63
2014,64,38
2014,65,38
2014,66,36
2014,67,96
2014,68,96
2014,69,96
2014,70,93
2014,71,72
2014,72,72
2014,73,72
2014,74,89
2014,75,89
2014,76,89
2014,77,108
2014,78,55
2014,79,55
2014,80,55
2014,81,81
2014,82,81
2014,83,81
2014,84,81
2014,85,85
2014,86,85
2014,87,108
2014,88,89
2014,89,89
2014,90,89
2014,91,102
2014,92,102
2014,93,93
2014,94,93
2014,95,96
2014,96,96
2014,97,96
2014,98,125
2014,99,96
2014,100,123
2014,101,123
2014,102,102
2014,103,102
2014,104,120
2014,105,89
2014,106,117
2014,107,117
2014,108,108
2014,109,109
2014,110,85
2014,111,81
2014,112,138
2014,113,137
2014,114,137
2014,115,136
2014,116,135
2014,117,117
2014,118,117
2014,119,131
2014,120,120
2014,121,121
2014,122,129
2014,123,123
2014,124,123
2014,125,125
2014,126,152
2014,127,123
2014,128,123
2014,129,129
2014,130,129
2014,131,131
2014,132,131
2014,133,144
2014,134,144
2014,135,135
2014,136,136
2014,137,137
2014,138,138
2014,139,138
2014,140,140
2014,141,140
2014,142,135
2014,143,135
2014,144,144
2014,145,144
2014,146,131
2014,147,147
2014,148,156
2014,149,129
2014,150,155
2014,151,152
2014,152,152
2014,153,152
2014,154,177
2014,155,155
2014,156,156
2014,157,156
2014,158,147
2014,159,147
2014,160,161
2014,161,161
2014,162,161
2014,163,140
2014,164,140
2014,165,140
2014,166,167
2014,167,167
2014,168,186
2014,169,161
2014,170,161
2014,171,184
2014,172,183
2014,173,147
2014,174,156
2014,175,155
2014,176,155
2014,177,177
2014,178,178
2014,179,179
2014,180,179
2014,181,198
2014,182,183
2014,183,183
2014,184,184
2014,185,184
2014,186,186
2014,187,167
2014,188,191
2014,189,191
2014,190,191
2014,191,191
2014,192,192
2014,193,186
2014,194,194
2014,195,194
2014,196,183
2014,197,198
2014,198,198
2014,199,198
2014,200,200
2014,201,178
2014,202,224
2014,203,224
2014,204,204
2014,205,198
2014,206,228
2014,207,219
2014,208,194
2014,209,217
2014,210,192
2014,211,211
2014,212,214
2014,213,214
2014,214,214
2014,215,233
2014,216,233
2014,217,217
2014,218,218
2014,219,219
2014,220,228
2014,221,228
2014,222,204
2014,223,204
2014,224,224
2014,225,225
2014,226,226
2014,227,226
2014,228,228
2014,229,241
2014,230,219
2014,231,218
2014,232,233
2014,233,233
2014,234,233
2014,235,214
2014,236,233
2014,237,238
2014,238,238
2014,239,238
2014,240,241
2014,241,241
2014,242,241
2014,243,249
2014,244,244
2014,245,225
2014,246,247
2014,247,247
2014,248,249
2014,249,249
2014,250,261
2014,251,241
2014,252,252
2014,253,238
2014,254,238
2014,255,256
2014,256,256
2014,257,271
2014,258,271
2014,259,252
2014,260,261
2014,261,261
2014,262,262
2014,263,263
2014,264,263
2014,265,247
2014,266,247
2014,267,263
2014,268,269
2014,269,269
2014,270,271
2014,271,271
2014,272,256
2014,273,271
2014,274,263
2014,275,263
2014,276,263
2014,277,NA
2015,1,35
2015,2,35
2015,3,34
2015,4,32
2015,5,32
2015,6,6
2015,7,7
2015,8,9
2015,9,9
2015,10,10
2015,11,12
2015,12,12
2015,13,23
2015,14,14
2015,15,21
2015,16,20
2015,17,18
2015,18,18
2015,19,20
2015,20,20
2015,21,21
2015,22,22
2015,23,23
2015,24,47
2015,25,45
2015,26,45
2015,27,28
2015,28,28
2015,29,28
2015,30,30
2015,31,31
2015,32,32
2015,33,32
2015,34,34
2015,35,35
2015,36,36
2015,37,34
2015,38,32
2015,39,64
2015,40,40
2015,41,62
2015,42,43
2015,43,43
2015,44,43
2015,45,45
2015,46,47
2015,47,47
2015,48,47
2015,49,22
2015,50,21
2015,51,20
2015,52,82
2015,53,21
2015,54,22
2015,55,78
2015,56,78
2015,57,45
2015,58,45
2015,59,43
2015,60,43
2015,61,62
2015,62,62
2015,63,40
2015,64,64
2015,65,64
2015,66,36
2015,67,67
2015,68,67
2015,69,64
2015,70,64
2015,71,71
2015,72,71
2015,73,62
2015,74,90
2015,75,90
2015,76,88
2015,77,77
2015,78,78
2015,79,78
2015,80,85
2015,81,82
2015,82,82
2015,83,82
2015,84,110
2015,85,85
2015,86,85
2015,87,87
2015,88,88
2015,89,88
2015,90,90
2015,91,90
2015,92,103
2015,93,71
2015,94,71
2015,95,99
2015,96,99
2015,97,67
2015,98,98
2015,99,99
2015,100,100
2015,101,101
2015,102,103
2015,103,103
2015,104,103
2015,105,90
2015,106,88
2015,107,116
2015,108,108
2015,109,108
2015,110,110
2015,111,110
2015,112,112
2015,113,113
2015,114,113
2015,115,108
2015,116,116
2015,117,116
2015,118,133
2015,119,120
2015,120,120
2015,121,121
2015,122,122
2015,123,101
2015,124,100
2015,125,125
2015,126,126
2015,127,126
2015,128,150
2015,129,121
2015,130,130
2015,131,120
2015,132,145
2015,133,133
2015,134,133
2015,135,116
2015,136,141
2015,137,141
2015,138,138
2015,139,138
2015,140,141
2015,141,141
2015,142,142
2015,143,142
2015,144,133
2015,145,145
2015,146,145
2015,147,148
2015,148,148
2015,149,149
2015,150,150
2015,151,153
2015,152,126
2015,153,153
2015,154,176
2015,155,175
2015,156,157
2015,157,157
2015,158,182
2015,159,145
2015,160,171
2015,161,161
2015,162,162
2015,163,163
2015,164,163
2015,165,165
2015,166,165
2015,167,167
2015,168,167
2015,169,161
2015,170,161
2015,171,171
2015,172,182
2015,173,182
2015,174,181
2015,175,175
2015,176,176
2015,177,177
2015,178,178
2015,179,178
2015,180,175
2015,181,181
2015,182,182
2015,183,196
2015,184,184
2015,185,184
2015,186,192
2015,187,167
2015,188,191
2015,189,191
2015,190,213
2015,191,191
2015,192,192
2015,193,194
2015,194,194
2015,195,194
2015,196,196
2015,197,196
2015,198,205
2015,199,199
2015,200,200
2015,201,201
2015,202,200
2015,203,200
2015,204,222
2015,205,205
2015,206,220
2015,207,219
2015,208,194
2015,209,194
2015,210,192
2015,211,191
2015,212,213
2015,213,213
2015,214,213
2015,215,236
2015,216,192
2015,217,231
2015,218,231
2015,219,219
2015,220,220
2015,221,220
2015,222,222
2015,223,223
2015,224,225
2015,225,225
2015,226,226
2015,227,227
2015,228,220
2015,229,230
2015,230,230
2015,231,231
2015,232,231
2015,233,236
2015,234,236
2015,235,235
2015,236,236
2015,237,236
2015,238,254
2015,239,252
2015,240,230
2015,241,251
2015,242,242
2015,243,242
2015,244,244
2015,245,225
2015,246,246
2015,247,247
2015,248,244
2015,249,263
2015,250,251
2015,251,251
2015,252,252
2015,253,254
2015,254,254
2015,255,255
2015,256,256
2015,257,257
2015,258,257
2015,259,252
2015,260,261
2015,261,261
2015,262,269
2015,263,263
2015,264,265
2015,265,265
2015,266,266
2015,267,274
2015,268,269
2015,269,269
2015,270,271
2015,271,271
2015,272,272
2015,273,272
2015,274,274
2015,275,266
2015,276,276
2015,277,277
2016,1,1
2016,2,1
2016,3,34
2016,4,32
2016,5,32
2016,6,6
2016,7,30
2016,8,28
2016,9,28
2016,10,10
2016,11,11
2016,12,12
2016,13,23
2016,14,14
2016,15,21
2016,16,21
2016,17,17
2016,18,17
2016,19,51
2016,20,21
2016,21,21
2016,22,49
2016,23,23
2016,24,23
2016,25,46
2016,26,44
2016,27,44
2016,28,28
2016,29,29
2016,30,30
2016,31,31
2016,32,32
2016,33,33
2016,34,34
2016,35,35
2016,36,36
2016,37,65
2016,38,33
2016,39,39
2016,40,62
2016,41,29
2016,42,29
2016,43,60
2016,44,44
2016,45,44
2016,46,46
2016,47,46
2016,48,23
2016,49,49
2016,50,50
2016,51,51
2016,52,51
2016,53,54
2016,54,54
2016,55,55
2016,56,55
2016,57,46
2016,58,44
2016,59,59
2016,60,60
2016,61,62
2016,62,62
2016,63,39
2016,64,65
2016,65,65
2016,66,66
2016,67,97
2016,68,66
2016,69,96
2016,70,94
2016,71,71
2016,72,71
2016,73,60
2016,74,60
2016,75,75
2016,76,76
2016,77,87
2016,78,86
2016,79,55
2016,80,54
2016,81,81
2016,82,82
2016,83,82
2016,84,84
2016,85,86
2016,86,86
2016,87,87
2016,88,76
2016,89,89
2016,90,75
2016,91,92
2016,92,92
2016,93,94
2016,94,94
2016,95,96
2016,96,96
2016,97,97
2016,98,98
2016,99,99
2016,100,100
2016,101,101
2016,102,92
2016,103,92
2016,104,120
2016,105,89
2016,106,106
2016,107,107
2016,108,108
2016,109,108
2016,110,111
2016,111,111
2016,112,111
2016,113,114
2016,114,114
2016,115,136
2016,116,107
2016,117,106
2016,118,133
2016,119,131
2016,120,120
2016,121,121
2016,122,122
2016,123,123
2016,124,123
2016,125,125
2016,126,126
2016,127,126
2016,128,123
2016,129,121
2016,130,148
2016,131,131
2016,132,131
2016,133,133
2016,134,134
2016,135,136
2016,136,136
2016,137,114
2016,138,114
2016,139,166
2016,140,163
2016,141,142
2016,142,142
2016,143,142
2016,144,144
2016,145,160
2016,146,131
2016,147,148
2016,148,148
2016,149,148
2016,150,154
2016,151,152
2016,152,152
2016,153,154
2016,154,154
2016,155,155
2016,156,156
2016,157,157
2016,158,173
2016,159,160
2016,160,160
2016,161,161
2016,162,162
2016,163,163
2016,164,163
2016,165,166
2016,166,166
2016,167,188
2016,168,186
2016,169,161
2016,170,161
2016,171,184
2016,172,173
2016,173,173
2016,174,174
2016,175,155
2016,176,155
2016,177,154
2016,178,178
2016,179,178
2016,180,174
2016,181,174
2016,182,173
2016,183,196
2016,184,184
2016,185,185
2016,186,186
2016,187,186
2016,188,188
2016,189,188
2016,190,188
2016,191,188
2016,192,211
2016,193,193
2016,194,185
2016,195,196
2016,196,196
2016,197,197
2016,198,199
2016,199,199
2016,200,203
2016,201,201
2016,202,203
2016,203,203
2016,204,223
2016,205,197
2016,206,206
2016,207,219
2016,208,209
2016,209,209
2016,210,211
2016,211,211
2016,212,214
2016,213,214
2016,214,214
2016,215,233
2016,216,233
2016,217,217
2016,218,217
2016,219,219
2016,220,228
2016,221,228
2016,222,223
2016,223,223
2016,224,224
2016,225,245
2016,226,227
2016,227,227
2016,228,228
2016,229,241
2016,230,219
2016,231,240
2016,232,233
2016,233,233
2016,234,234
2016,235,214
2016,236,236
2016,237,237
2016,238,238
2016,239,239
2016,240,240
2016,241,241
2016,242,241
2016,243,249
2016,244,244
2016,245,245
2016,246,247
2016,247,247
2016,248,249
2016,249,249
2016,250,250
2016,251,251
2016,252,251
2016,253,253
2016,254,253
2016,255,255
2016,256,256
2016,257,271
2016,258,253
2016,259,253
2016,260,261
2016,261,261
2016,262,269
2016,263,264
2016,264,264
2016,265,247
2016,266,267
2016,267,267
2016,268,269
2016,269,269
2016,270,271
2016,271,271
2016,272,272
2016,273,272
2016,274,267
2016,275,267
2016,276,277
2016,277,277
2017,1,1
2017,2,1
2017,3,4
2017,4,4
2017,5,4
2017,6,6
2017,7,7
2017,8,9
2017,9,9
2017,10,10
2017,11,11
2017,12,12
2017,13,14
2017,14,14
2017,15,15
2017,16,16
2017,17,16
2017,18,16
2017,19,16
2017,20,21
2017,21,21
2017,22,14
2017,23,24
2017,24,24
2017,25,24
2017,26,44
2017,27,44
2017,28,9
2017,29,29
2017,30,30
2017,31,31
2017,32,31
2017,33,38
2017,34,34
2017,35,35
2017,36,36
2017,37,34
2017,38,38
2017,39,63
2017,40,63
2017,41,41
2017,42,29
2017,43,60
2017,44,44
2017,45,57
2017,46,57
2017,47,24
2017,48,54
2017,49,54
2017,50,50
2017,51,52
2017,52,52
2017,53,53
2017,54,54
2017,55,55
2017,56,55
2017,57,57
2017,58,44
2017,59,74
2017,60,60
2017,61,61
2017,62,61
2017,63,63
2017,64,64
2017,65,64
2017,66,36
2017,67,67
2017,68,67
2017,69,95
2017,70,94
2017,71,94
2017,72,93
2017,73,73
2017,74,74
2017,75,89
2017,76,76
2017,77,77
2017,78,78
2017,79,55
2017,80,54
2017,81,81
2017,82,81
2017,83,81
2017,84,81
2017,85,85
2017,86,86
2017,87,77
2017,88,76
2017,89,89
2017,90,91
2017,91,91
2017,92,92
2017,93,93
2017,94,94
2017,95,95
2017,96,95
2017,97,67
2017,98,98
2017,99,95
2017,100,100
2017,101,101
2017,102,102
2017,103,103
2017,104,104
2017,105,89
2017,106,89
2017,107,116
2017,108,86
2017,109,86
2017,110,110
2017,111,111
2017,112,113
2017,113,113
2017,114,114
2017,115,136
2017,116,116
2017,117,134
2017,118,118
2017,119,120
2017,120,120
2017,121,129
2017,122,129
2017,123,124
2017,124,124
2017,125,125
2017,126,126
2017,127,127
2017,128,150
2017,129,129
2017,130,130
2017,131,120
2017,132,118
2017,133,133
2017,134,134
2017,135,135
2017,136,136
2017,137,137
2017,138,137
2017,139,139
2017,140,140
2017,141,141
2017,142,142
2017,143,143
2017,144,134
2017,145,145
2017,146,146
2017,147,147
2017,148,130
2017,149,129
2017,150,150
2017,151,151
2017,152,151
2017,153,153
2017,154,154
2017,155,176
2017,156,156
2017,157,156
2017,158,158
2017,159,159
2017,160,171
2017,161,161
2017,162,162
2017,163,163
2017,164,140
2017,165,165
2017,166,165
2017,167,167
2017,168,168
2017,169,169
2017,170,161
2017,171,171
2017,172,172
2017,173,182
2017,174,174
2017,175,156
2017,176,176
2017,177,177
2017,178,178
2017,179,180
2017,180,180
2017,181,181
2017,182,182
2017,183,183
2017,184,184
2017,185,185
2017,186,186
2017,187,187
2017,188,188
2017,189,189
2017,190,190
2017,191,188
2017,192,210
2017,193,193
2017,194,194
2017,195,208
2017,196,196
2017,197,206
2017,198,198
2017,199,199
2017,200,201
2017,201,201
2017,202,202
2017,203,224
2017,204,204
2017,205,198
2017,206,206
2017,207,219
2017,208,208
2017,209,209
2017,210,210
2017,211,211
2017,212,212
2017,213,213
2017,214,214
2017,215,216
2017,216,216
2017,217,217
2017,218,218
2017,219,219
2017,220,206
2017,221,206
2017,222,222
2017,223,223
2017,224,224
2017,225,225
2017,226,226
2017,227,227
2017,228,227
2017,229,242
2017,230,219
2017,231,231
2017,232,233
2017,233,233
2017,234,234
2017,235,235
2017,236,236
2017,237,237
2017,238,238
2017,239,239
2017,240,240
2017,241,241
2017,242,242
2017,243,243
2017,244,244
2017,245,245
2017,246,246
2017,247,247
2017,248,248
2017,249,249
2017,250,250
2017,251,251
2017,252,252
2017,253,253
2017,254,253
2017,255,255
2017,256,256
2017,257,271
2017,258,258
2017,259,259
2017,260,260
2017,261,261
2017,262,262
2017,263,263
2017,264,264
2017,265,265
2017,266,266
2017,267,267
2017,268,268
2017,269,268
2017,270,270
2017,271,271
2017,272,272
2017,273,273
2017,274,274
2017,275,266
2017,276,276
2017,277,277
2018,1,1
2018,2,2
2018,3,4
2018,4,4
2018,5,5
2018,6,6
2018,7,7
2018,8,8
2018,9,9
2018,10,10
2018,11,11
2018,12,11
2018,13,14
2018,14,14
2018,15,15
2018,16,21
2018,17,18
2018,18,18
2018,19,19
2018,20,21
2018,21,21
2018,22,22
2018,23,22
2018,24,24
2018,25,24
2018,26,44
2018,27,44
2018,28,9
2018,29,42
2018,30,41
2018,31,6
2018,32,33
2018,33,33
2018,34,35
2018,35,35
2018,36,36
2018,37,37
2018,38,33
2018,39,39
2018,40,62
2018,41,41
2018,42,42
2018,43,43
2018,44,44
2018,45,58
2018,46,46
2018,47,46
2018,48,22
2018,49,49
2018,50,53
2018,51,51
2018,52,51
2018,53,53
2018,54,53
2018,55,55
2018,56,55
2018,57,46
2018,58,58
2018,59,43
2018,60,73
2018,61,62
2018,62,62
2018,63,39
2018,64,64
2018,65,64
2018,66,36
2018,67,68
2018,68,68
2018,69,69
2018,70,64
2018,71,71
2018,72,71
2018,73,73
2018,74,74
2018,75,75
2018,76,76
2018,77,77
2018,78,55
2018,79,55
2018,80,80
2018,81,81
2018,82,82
2018,83,82
2018,84,81
2018,85,85
2018,86,85
2018,87,77
2018,88,76
2018,89,75
2018,90,75
2018,91,73
2018,92,103
2018,93,71
2018,94,71
2018,95,69
2018,96,96
2018,97,96
2018,98,99
2018,99,99
2018,100,100
2018,101,101
2018,102,103
2018,103,103
2018,104,103
2018,105,119
2018,106,107
2018,107,107
2018,108,109
2018,109,109
2018,110,111
2018,111,111
2018,112,112
2018,113,113
2018,114,113
2018,115,115
2018,116,107
2018,117,107
2018,118,119
2018,119,119
2018,120,120
2018,121,120
2018,122,101
2018,123,123
2018,124,123
2018,125,126
2018,126,126
2018,127,126
2018,128,150
2018,129,130
2018,130,130
2018,131,119
2018,132,119
2018,133,144
2018,134,134
2018,135,136
2018,136,136
2018,137,137
2018,138,137
2018,139,139
2018,140,141
2018,141,141
2018,142,141
2018,143,134
2018,144,144
2018,145,146
2018,146,146
2018,147,146
2018,148,130
2018,149,149
2018,150,150
2018,151,152
2018,152,152
2018,153,153
2018,154,154
2018,155,154
2018,156,157
2018,157,157
2018,158,172
2018,159,172
2018,160,160
2018,161,161
2018,162,162
2018,163,163
2018,164,163
2018,165,166
2018,166,166
2018,167,187
2018,168,187
2018,169,161
2018,170,161
2018,171,160
2018,172,172
2018,173,182
2018,174,174
2018,175,174
2018,176,154
2018,177,154
2018,178,178
2018,179,178
2018,180,174
2018,181,174
2018,182,182
2018,183,183
2018,184,183
2018,185,186
2018,186,186
2018,187,187
2018,188,188
2018,189,188
2018,190,213
2018,191,191
2018,192,191
2018,193,193
2018,194,193
2018,195,196
2018,196,196
2018,197,206
2018,198,198
2018,199,199
2018,200,200
2018,201,201
2018,202,224
2018,203,224
2018,204,204
2018,205,198
2018,206,206
2018,207,207
2018,208,207
2018,209,217
2018,210,193
2018,211,216
2018,212,214
2018,213,213
2018,214,214
2018,215,216
2018,216,216
2018,217,217
2018,218,217
2018,219,230
2018,220,228
2018,221,221
2018,222,204
2018,223,204
2018,224,224
2018,225,225
2018,226,226
2018,227,226
2018,228,228
2018,229,229
2018,230,230
2018,231,217
2018,232,216
2018,233,234
2018,234,234
2018,235,235
2018,236,234
2018,237,254
2018,238,254
2018,239,252
2018,240,241
2018,241,241
2018,242,229
2018,243,228
2018,244,244
2018,245,225
2018,246,246
2018,247,247
2018,248,244
2018,249,263
2018,250,250
2018,251,251
2018,252,252
2018,253,253
2018,254,254
2018,255,255
2018,256,256
2018,257,257
2018,258,270
2018,259,253
2018,260,261
2018,261,261
2018,262,262
2018,263,263
2018,264,265
2018,265,265
2018,266,265
2018,267,267
2018,268,269
2018,269,269
2018,270,270
2018,271,271
2018,272,273
2018,273,273
2018,274,274
2018,275,267
2018,276,276
2018,277,277
2019,1,1
2019,2,2
2019,3,4
2019,4,4
2019,5,5
2019,6,6
2019,7,7
2019,8,9
2019,9,9
2019,10,9
2019,11,11
2019,12,12
2019,13,13
2019,14,14
2019,15,15
2019,16,16
2019,17,18
2019,18,18
2019,19,19
2019,20,20
2019,21,21
2019,22,22
2019,23,23
2019,24,24
2019,25,25
2019,26,26
2019,27,44
2019,28,28
2019,29,29
2019,30,30
2019,31,31
2019,32,32
2019,33,33
2019,34,34
2019,35,35
2019,36,66
2019,37,33
2019,38,38
2019,39,39
2019,40,40
2019,41,41
2019,42,29
2019,43,43
2019,44,44
2019,45,45
2019,46,46
2019,47,46
2019,48,23
2019,49,49
2019,50,21
2019,51,52
2019,52,52
2019,53,54
2019,54,54
2019,55,55
2019,56,56
2019,57,46
2019,58,45
2019,59,59
2019,60,60
2019,61,61
2019,62,61
2019,63,63
2019,64,64
2019,65,64
2019,66,66
2019,67,67
2019,68,68
2019,69,95
2019,70,70
2019,71,71
2019,72,71
2019,73,73
2019,74,74
2019,75,90
2019,76,88
2019,77,77
2019,78,78
2019,79,55
2019,80,80
2019,81,81
2019,82,82
2019,83,82
2019,84,81
2019,85,86
2019,86,86
2019,87,87
2019,88,88
2019,89,89
2019,90,90
2019,91,73
2019,92,92
2019,93,71
2019,94,71
2019,95,95
2019,96,95
2019,97,67
2019,98,98
2019,99,99
2019,100,100
2019,101,100
2019,102,102
2019,103,104
2019,104,104
2019,105,90
2019,106,106
2019,107,116
2019,108,108
2019,109,109
2019,110,110
2019,111,111
2019,112,112
2019,113,113
2019,114,114
2019,115,115
2019,116,116
2019,117,106
2019,118,132
2019,119,132
2019,120,104
2019,121,129
2019,122,122
2019,123,124
2019,124,124
2019,125,125
2019,126,126
2019,127,127
2019,128,149
2019,129,129
2019,130,130
2019,131,132
2019,132,132
2019,133,133
2019,134,144
2019,135,135
2019,136,136
2019,137,137
2019,138,138
2019,139,138
2019,140,140
2019,141,140
2019,142,142
2019,143,143
2019,144,144
2019,145,145
2019,146,146
2019,147,147
2019,148,148
2019,149,149
2019,150,127
2019,151,127
2019,152,152
2019,153,153
2019,154,154
2019,155,155
2019,156,156
2019,157,157
2019,158,158
2019,159,159
2019,160,145
2019,161,161
2019,162,162
2019,163,163
2019,164,164
2019,165,165
2019,166,165
2019,167,167
2019,168,168
2019,169,161
2019,170,161
2019,171,184
2019,172,172
2019,173,173
2019,174,174
2019,175,175
2019,176,155
2019,177,177
2019,178,178
2019,179,179
2019,180,180
2019,181,181
2019,182,173
2019,183,183
2019,184,184
2019,185,184
2019,186,168
2019,187,187
2019,188,188
2019,189,189
2019,190,212
2019,191,191
2019,192,191
2019,193,209
2019,194,194
2019,195,195
2019,196,196
2019,197,197
2019,198,199
2019,199,199
2019,200,201
2019,201,201
2019,202,202
2019,203,224
2019,204,204
2019,205,204
2019,206,206
2019,207,207
2019,208,195
2019,209,209
2019,210,211
2019,211,211
2019,212,212
2019,213,213
2019,214,214
2019,215,215
2019,216,216
2019,217,218
2019,218,218
2019,219,219
2019,220,228
2019,221,228
2019,222,223
2019,223,223
2019,224,224
2019,225,245
2019,226,226
2019,227,227
2019,228,228
2019,229,229
2019,230,230
2019,231,231
2019,232,232
2019,233,233
2019,234,236
2019,235,235
2019,236,236
2019,237,236
2019,238,238
2019,239,239
2019,240,230
2019,241,251
2019,242,242
2019,243,243
2019,244,244
2019,245,245
2019,246,246
2019,247,246
2019,248,249
2019,249,249
2019,250,251
2019,251,251
2019,252,252
2019,253,253
2019,254,254
2019,255,255
2019,256,256
2019,257,257
2019,258,258
2019,259,259
2019,260,261
2019,261,261
2019,262,262
2019,263,264
2019,264,264
2019,265,264
2019,266,266
2019,267,267
2019,268,268
2019,269,269
2019,270,271
2019,271,271
2019,272,272
2019,273,272
2019,274,274
2019,275,275
2019,276,276
2019,277,277
2020,1,1
2020,2,2
2020,3,2
2020,4,5
2020,5,5
2020,6,6
2020,7,7
2020,8,28
2020,9,28
2020,10,27
2020,11,12
2020,12,12
2020,13,12
2020,14,22
2020,15,21
2020,16,21
2020,17,17
2020,18,18
2020,19,51
2020,20,21
2020,21,21
2020,22,22
2020,23,22
2020,24,25
2020,25,25
2020,26,26
2020,27,27
2020,28,28
2020,29,29
2020,30,41
2020,31,6
2020,32,33
2020,33,33
2020,34,34
2020,35,34
2020,36,36
2020,37,37
2020,38,33
2020,39,64
2020,40,40
2020,41,41
2020,42,42
2020,43,28
2020,44,26
2020,45,26
2020,46,47
2020,47,47
2020,48,48
2020,49,22
2020,50,21
2020,51,51
2020,52,51
2020,53,54
2020,54,54
2020,55,79
2020,56,56
2020,57,56
2020,58,26
2020,59,75
2020,60,42
2020,61,61
2020,62,61
2020,63,40
2020,64,64
2020,65,64
2020,66,36
2020,67,68
2020,68,68
2020,69,69
2020,70,64
2020,71,40
2020,72,92
2020,73,91
2020,74,91
2020,75,75
2020,76,88
2020,77,77
2020,78,79
2020,79,79
2020,80,80
2020,81,81
2020,82,82
2020,83,83
2020,84,81
2020,85,86
2020,86,86
2020,87,77
2020,88,88
2020,89,75
2020,90,90
2020,91,91
2020,92,92
2020,93,92
2020,94,100
2020,95,69
2020,96,96
2020,97,96
2020,98,98
2020,99,99
2020,100,100
2020,101,100
2020,102,92
2020,103,92
2020,104,120
2020,105,90
2020,106,117
2020,107,116
2020,108,108
2020,109,108
2020,110,110
2020,111,111
2020,112,112
2020,113,113
2020,114,114
2020,115,136
2020,116,116
2020,117,117
2020,118,117
2020,119,131
2020,120,120
2020,121,129
2020,122,129
2020,123,127
2020,124,100
2020,125,98
2020,126,127
2020,127,127
2020,128,150
2020,129,129
2020,130,130
2020,131,131
2020,132,131
2020,133,144
2020,134,134
2020,135,136
2020,136,136
2020,137,114
2020,138,112
2020,139,165
2020,140,140
2020,141,140
2020,142,142
2020,143,142
2020,144,144
2020,145,145
2020,146,145
2020,147,147
2020,148,130
2020,149,129
2020,150,150
2020,151,127
2020,152,152
2020,153,153
2020,154,154
2020,155,175
2020,156,156
2020,157,156
2020,158,172
2020,159,172
2020,160,160
2020,161,170
2020,162,142
2020,163,163
2020,164,140
2020,165,165
2020,166,165
2020,167,167
2020,168,167
2020,169,170
2020,170,170
2020,171,171
2020,172,172
2020,173,182
2020,174,174
2020,175,175
2020,176,154
2020,177,154
2020,178,178
2020,179,179
2020,180,180
2020,181,174
2020,182,182
2020,183,196
2020,184,171
2020,185,194
2020,186,193
2020,187,167
2020,188,188
2020,189,188
2020,190,213
2020,191,191
2020,192,191
2020,193,193
2020,194,194
2020,195,194
2020,196,196
2020,197,197
2020,198,197
2020,199,200
2020,200,200
2020,201,178
2020,202,203
2020,203,203
2020,204,203
2020,205,197
2020,206,206
2020,207,219
2020,208,194
2020,209,217
2020,210,193
2020,211,216
2020,212,214
2020,213,213
2020,214,214
2020,215,216
2020,216,216
2020,217,217
2020,218,217
2020,219,219
2020,220,220
2020,221,221
2020,222,226
2020,223,226
2020,224,224
2020,225,245
2020,226,226
2020,227,226
2020,228,221
2020,229,230
2020,230,230
2020,231,217
2020,232,232
2020,233,216
2020,234,214
2020,235,235
2020,236,237
2020,237,237
2020,238,238
2020,239,238
2020,240,241
2020,241,241
2020,242,243
2020,243,243
2020,244,248
2020,245,245
2020,246,246
2020,247,247
2020,248,248
2020,249,248
2020,250,250
2020,251,251
2020,252,252
2020,253,238
2020,254,237
2020,255,255
2020,256,256
2020,257,271
2020,258,271
2020,259,259
2020,260,251
2020,261,250
2020,262,262
2020,263,268
2020,264,265
2020,265,265
2020,266,265
2020,267,267
2020,268,268
2020,269,268
2020,270,271
2020,271,271
2020,272,273
2020,273,273
2020,274,274
2020,275,267
2020,276,274
2020,277,277
